{"stats":{"minecraft:used":{"minecraft:crafting_table":1,"minecraft:dripstone_block":1,"minecraft:wooden_pickaxe":13,"minecraft:gravel":1},"minecraft:dropped":{"minecraft:stripped_spruce_log":1,"minecraft:dripstone_block":1},"minecraft:crafted":{"minecraft:crafting_table":1,"minecraft:spruce_planks":12,"minecraft:stick":4,"minecraft:wooden_pickaxe":1},"minecraft:mined":{"minecraft:grass":1,"minecraft:dripstone_block":4,"minecraft:gravel":1,"minecraft:stripped_spruce_log":4},"minecraft:killed_by":{"minecraft:vindicator":1,"minecraft:pillager":1},"minecraft:picked_up":{"minecraft:dripstone_block":5,"minecraft:gravel":1,"minecraft:stripped_spruce_log":4},"minecraft:custom":{"minecraft:time_since_rest":106,"minecraft:walk_one_cm":21857,"minecraft:crouch_one_cm":429,"minecraft:damage_taken":515,"minecraft:play_time":7803,"minecraft:sprint_one_cm":11456,"minecraft:deaths":2,"minecraft:sneak_time":87,"minecraft:drop":2,"minecraft:jump":68,"minecraft:damage_dealt":199,"minecraft:leave_game":1,"minecraft:time_since_death":73,"minecraft:total_world_time":7803,"minecraft:climb_one_cm":1094,"minecraft:interact_with_crafting_table":1,"minecraft:fly_one_cm":13502,"minecraft:fall_one_cm":2112}},"DataVersion":3465}