{"stats":{"minecraft:killed_by":{"minecraft:vindicator":1},"minecraft:custom":{"minecraft:jump":48,"minecraft:time_since_rest":960,"minecraft:damage_dealt":20,"minecraft:deaths":1,"minecraft:crouch_one_cm":134,"minecraft:sprint_one_cm":10099,"minecraft:play_time":2364,"minecraft:damage_taken":355,"minecraft:time_since_death":908,"minecraft:walk_one_cm":6797,"minecraft:sneak_time":18,"minecraft:climb_one_cm":1094,"minecraft:total_world_time":2364,"minecraft:fall_one_cm":1903,"minecraft:fly_one_cm":11086}},"DataVersion":3465}