{"stats":{"minecraft:used":{"minecraft:wooden_sword":6},"minecraft:custom":{"minecraft:time_since_rest":15032,"minecraft:open_chest":14,"minecraft:play_time":16564,"minecraft:interact_with_furnace":2,"minecraft:sprint_one_cm":20886,"minecraft:walk_one_cm":116406,"minecraft:damage_taken":390,"minecraft:deaths":1,"minecraft:walk_under_water_one_cm":137,"minecraft:jump":178,"minecraft:damage_dealt":196,"minecraft:walk_on_water_one_cm":1669,"minecraft:time_since_death":14887,"minecraft:total_world_time":16564,"minecraft:climb_one_cm":292,"minecraft:interact_with_crafting_table":2,"minecraft:fall_one_cm":6737,"minecraft:fly_one_cm":42473},"minecraft:picked_up":{"minecraft:wheat_seeds":50,"minecraft:spruce_sapling":1,"minecraft:spruce_log":12,"minecraft:sugar_cane":10},"minecraft:killed_by":{"minecraft:skeleton":1},"minecraft:mined":{"minecraft:large_fern":7,"minecraft:grass":388,"minecraft:acacia_leaves":4,"minecraft:tall_grass":30,"minecraft:spruce_leaves":5,"minecraft:spruce_log":12,"minecraft:sugar_cane":3,"minecraft:fern":52}},"DataVersion":3465}