{"stats":{"minecraft:dropped":{"minecraft:cobblestone":1},"minecraft:killed_by":{"minecraft:skeleton":1,"minecraft:zombie":4},"minecraft:picked_up":{"minecraft:spyglass":4,"minecraft:spruce_sapling":2,"minecraft:spruce_log":12,"minecraft:spruce_door":6,"minecraft:dirt":515,"minecraft:mossy_cobblestone":12,"minecraft:wooden_sword":1,"minecraft:rotten_flesh":8,"minecraft:stone_shovel":3,"minecraft:wheat_seeds":88,"minecraft:orange_tulip":3,"minecraft:cobbled_deepslate":263,"minecraft:spruce_planks":111,"minecraft:stone_pickaxe":7,"minecraft:bread":4,"minecraft:black_wool":8,"minecraft:sugar_cane":40,"minecraft:acacia_sapling":1,"minecraft:white_wool":3,"minecraft:cobblestone":391},"minecraft:mined":{"minecraft:large_fern":9,"minecraft:acacia_leaves":4,"minecraft:spruce_log":12,"minecraft:grass":614,"minecraft:grass_block":134,"minecraft:tall_grass":60,"minecraft:cobblestone":90,"minecraft:spruce_leaves":5,"minecraft:sugar_cane":3,"minecraft:fern":72},"minecraft:crafted":{"minecraft:stone_shovel":2,"minecraft:crafting_table":1,"minecraft:spruce_planks":48,"minecraft:stick":12,"minecraft:stone_pickaxe":2,"minecraft:iron_pickaxe":1,"minecraft:white_bed":1,"minecraft:bread":2},"minecraft:broken":{"minecraft:stone_shovel":1,"minecraft:wooden_pickaxe":1},"minecraft:custom":{"minecraft:time_since_rest":710,"minecraft:interact_with_furnace":2,"minecraft:sprint_one_cm":49860,"minecraft:damage_taken":1495,"minecraft:walk_one_cm":386744,"minecraft:mob_kills":1,"minecraft:drop":1,"minecraft:damage_dealt":494,"minecraft:interact_with_crafting_table":8,"minecraft:fly_one_cm":75158,"minecraft:open_chest":29,"minecraft:play_time":48216,"minecraft:deaths":5,"minecraft:sneak_time":25,"minecraft:walk_under_water_one_cm":137,"minecraft:jump":470,"minecraft:interact_with_blast_furnace":2,"minecraft:time_since_death":2915,"minecraft:walk_on_water_one_cm":1669,"minecraft:sleep_in_bed":3,"minecraft:climb_one_cm":4262,"minecraft:total_world_time":48216,"minecraft:fall_one_cm":12380},"minecraft:killed":{"minecraft:zombie":1},"minecraft:used":{"minecraft:wheat_seeds":70,"minecraft:bread":4,"minecraft:stone_shovel":133,"minecraft:stone_pickaxe":79,"minecraft:wooden_pickaxe":24,"minecraft:wooden_sword":15,"minecraft:spyglass":3,"minecraft:cobblestone":204,"minecraft:crafting_table":1,"minecraft:white_bed":1}},"DataVersion":3465}