{"stats":{"minecraft:used":{"minecraft:wheat_seeds":70,"minecraft:bread":4,"minecraft:stone_shovel":133,"minecraft:wooden_pickaxe":5,"minecraft:wooden_sword":6,"minecraft:cobblestone":46,"minecraft:crafting_table":1,"minecraft:white_bed":1},"minecraft:custom":{"minecraft:time_since_rest":0,"minecraft:interact_with_furnace":2,"minecraft:sprint_one_cm":20886,"minecraft:damage_taken":460,"minecraft:walk_one_cm":261938,"minecraft:drop":1,"minecraft:damage_dealt":196,"minecraft:interact_with_crafting_table":5,"minecraft:fly_one_cm":42703,"minecraft:open_chest":14,"minecraft:play_time":28564,"minecraft:deaths":1,"minecraft:walk_under_water_one_cm":137,"minecraft:jump":236,"minecraft:time_since_death":26887,"minecraft:walk_on_water_one_cm":1669,"minecraft:sleep_in_bed":1,"minecraft:climb_one_cm":340,"minecraft:total_world_time":28564,"minecraft:fall_one_cm":6737},"minecraft:killed_by":{"minecraft:skeleton":1},"minecraft:picked_up":{"minecraft:spruce_sapling":1,"minecraft:spruce_log":12,"minecraft:dirt":128,"minecraft:wheat_seeds":72,"minecraft:bread":4,"minecraft:black_wool":2,"minecraft:sugar_cane":10,"minecraft:white_wool":3,"minecraft:cobblestone":6},"minecraft:crafted":{"minecraft:stone_shovel":2,"minecraft:crafting_table":1,"minecraft:spruce_planks":48,"minecraft:stick":4,"minecraft:white_bed":1},"minecraft:dropped":{"minecraft:cobblestone":1},"minecraft:mined":{"minecraft:large_fern":9,"minecraft:acacia_leaves":4,"minecraft:spruce_log":12,"minecraft:grass":577,"minecraft:grass_block":133,"minecraft:tall_grass":60,"minecraft:cobblestone":5,"minecraft:spruce_leaves":5,"minecraft:sugar_cane":3,"minecraft:fern":70},"minecraft:broken":{"minecraft:stone_shovel":1}},"DataVersion":3465}