{"stats":{"minecraft:used":{"minecraft:wheat_seeds":70,"minecraft:bread":4,"minecraft:stone_shovel":133,"minecraft:stone_pickaxe":37,"minecraft:wooden_pickaxe":24,"minecraft:wooden_sword":6,"minecraft:spyglass":3,"minecraft:cobblestone":151,"minecraft:crafting_table":1,"minecraft:white_bed":1},"minecraft:custom":{"minecraft:time_since_rest":10728,"minecraft:interact_with_furnace":2,"minecraft:sprint_one_cm":39648,"minecraft:damage_taken":460,"minecraft:walk_one_cm":331373,"minecraft:drop":1,"minecraft:damage_dealt":196,"minecraft:interact_with_crafting_table":6,"minecraft:fly_one_cm":66159,"minecraft:open_chest":19,"minecraft:play_time":40564,"minecraft:deaths":1,"minecraft:walk_under_water_one_cm":137,"minecraft:jump":376,"minecraft:time_since_death":38887,"minecraft:walk_on_water_one_cm":1669,"minecraft:sleep_in_bed":2,"minecraft:climb_one_cm":1237,"minecraft:total_world_time":40564,"minecraft:fall_one_cm":11126},"minecraft:killed_by":{"minecraft:skeleton":1},"minecraft:picked_up":{"minecraft:spyglass":1,"minecraft:spruce_sapling":1,"minecraft:spruce_log":12,"minecraft:dirt":129,"minecraft:wheat_seeds":72,"minecraft:bread":4,"minecraft:black_wool":2,"minecraft:sugar_cane":10,"minecraft:white_wool":3,"minecraft:cobblestone":61},"minecraft:crafted":{"minecraft:stone_shovel":2,"minecraft:crafting_table":1,"minecraft:spruce_planks":48,"minecraft:stick":8,"minecraft:stone_pickaxe":2,"minecraft:white_bed":1},"minecraft:dropped":{"minecraft:cobblestone":1},"minecraft:mined":{"minecraft:large_fern":9,"minecraft:acacia_leaves":4,"minecraft:spruce_log":12,"minecraft:grass":577,"minecraft:grass_block":134,"minecraft:tall_grass":60,"minecraft:cobblestone":61,"minecraft:spruce_leaves":5,"minecraft:sugar_cane":3,"minecraft:fern":70},"minecraft:broken":{"minecraft:stone_shovel":1,"minecraft:wooden_pickaxe":1}},"DataVersion":3465}