{"stats":{"minecraft:dropped":{"minecraft:cobbled_deepslate":8,"minecraft:smooth_stone_slab":1,"minecraft:stone_shovel":1,"minecraft:rotten_flesh":5,"minecraft:cobblestone":13,"minecraft:stick":2,"minecraft:dirt":12,"minecraft:gunpowder":1,"minecraft:torch":1,"minecraft:arrow":2,"minecraft:iron_pickaxe":1},"minecraft:mined":{"minecraft:acacia_leaves":4,"minecraft:mossy_cobblestone":1,"minecraft:candle":5,"minecraft:cobblestone_stairs":153,"minecraft:crafting_table":2,"minecraft:glow_lichen":1,"minecraft:torch":7,"minecraft:granite":1,"minecraft:grass_block":385,"minecraft:chest":1,"minecraft:stone_slab":2,"minecraft:tall_grass":60,"minecraft:cobblestone":916,"minecraft:spruce_leaves":5,"minecraft:lapis_ore":1,"minecraft:sugar_cane":3,"minecraft:wall_torch":1,"minecraft:large_fern":10,"minecraft:cobblestone_wall":32,"minecraft:iron_ore":6,"minecraft:wheat":356,"minecraft:cobbled_deepslate":2,"minecraft:ice":1,"minecraft:spruce_log":12,"minecraft:smooth_stone_slab":2,"minecraft:grass":620,"minecraft:oak_log":2,"minecraft:coal_ore":1,"minecraft:cobblestone_slab":20,"minecraft:dirt_path":1,"minecraft:lantern":2,"minecraft:gravel":2,"minecraft:sand":4,"minecraft:dirt":269,"minecraft:stonecutter":1,"minecraft:stone":1721,"minecraft:infested_stone":4,"minecraft:green_bed":1,"minecraft:deepslate":10,"minecraft:fern":73},"minecraft:picked_up":{"minecraft:crafting_table":1,"minecraft:wheat":331,"minecraft:stone_slab":2,"minecraft:oak_log":2,"minecraft:gunpowder":3,"minecraft:cobblestone_wall":32,"minecraft:cobblestone_stairs":152,"minecraft:string":4,"minecraft:lapis_lazuli":6,"minecraft:dirt":908,"minecraft:wooden_sword":1,"minecraft:smooth_stone_slab":1,"minecraft:bone":2,"minecraft:stonecutter":1,"minecraft:orange_tulip":3,"minecraft:wheat_seeds":1027,"minecraft:candle":16,"minecraft:cobbled_deepslate":272,"minecraft:spruce_planks":111,"minecraft:stone_pickaxe":7,"minecraft:cobblestone_slab":25,"minecraft:iron_pickaxe":1,"minecraft:sugar_cane":40,"minecraft:chest":1,"minecraft:acacia_sapling":1,"minecraft:raw_iron":6,"minecraft:torch":11,"minecraft:green_bed":1,"minecraft:spyglass":4,"minecraft:gravel":2,"minecraft:spruce_sapling":2,"minecraft:spruce_log":12,"minecraft:spider_eye":1,"minecraft:spruce_door":6,"minecraft:mossy_cobblestone":14,"minecraft:stone_shovel":3,"minecraft:arrow":3,"minecraft:rotten_flesh":26,"minecraft:granite":1,"minecraft:bread":4,"minecraft:black_wool":8,"minecraft:oak_sapling":3,"minecraft:coal":1,"minecraft:white_wool":3,"minecraft:cobblestone":3297},"minecraft:broken":{"minecraft:stone_pickaxe":2,"minecraft:iron_shovel":1,"minecraft:iron_pickaxe":2,"minecraft:stone_shovel":1,"minecraft:chainmail_boots":1,"minecraft:wooden_pickaxe":1},"minecraft:killed":{"minecraft:spider":4,"minecraft:creeper":3,"minecraft:skeleton":3,"minecraft:zombie":16,"minecraft:silverfish":6},"minecraft:custom":{"minecraft:interact_with_furnace":17,"minecraft:mob_kills":32,"minecraft:interact_with_anvil":4,"minecraft:interact_with_cartography_table":2,"minecraft:interact_with_crafting_table":34,"minecraft:open_barrel":30,"minecraft:interact_with_stonecutter":24,"minecraft:interact_with_grindstone":2,"minecraft:leave_game":2,"minecraft:time_since_death":313244,"minecraft:sleep_in_bed":8,"minecraft:climb_one_cm":13179,"minecraft:time_since_rest":31936,"minecraft:sprint_one_cm":748599,"minecraft:damage_taken":4063,"minecraft:walk_one_cm":2384120,"minecraft:drop":16,"minecraft:damage_dealt":6706,"minecraft:fly_one_cm":709236,"minecraft:open_chest":154,"minecraft:crouch_one_cm":3882,"minecraft:play_time":358545,"minecraft:deaths":5,"minecraft:sneak_time":1007,"minecraft:walk_under_water_one_cm":13029,"minecraft:jump":3922,"minecraft:interact_with_blast_furnace":16,"minecraft:walk_on_water_one_cm":11262,"minecraft:interact_with_smoker":16,"minecraft:total_world_time":358545,"minecraft:fall_one_cm":94061,"minecraft:use_cauldron":1},"minecraft:crafted":{"minecraft:cooked_beef":10,"minecraft:oak_planks":8,"minecraft:cobblestone_slab":12,"minecraft:stone_shovel":2,"minecraft:crafting_table":3,"minecraft:spruce_planks":48,"minecraft:cobblestone_stairs":8,"minecraft:stone":36,"minecraft:bread":72,"minecraft:air":0,"minecraft:iron_boots":1,"minecraft:stick":36,"minecraft:iron_pickaxe":3,"minecraft:stone_pickaxe":3,"minecraft:chest":1,"minecraft:iron_shovel":1,"minecraft:gold_ingot":31,"minecraft:white_bed":1,"minecraft:torch":4},"minecraft:killed_by":{"minecraft:skeleton":1,"minecraft:zombie":4},"minecraft:used":{"minecraft:wheat_seeds":496,"minecraft:water_bucket":3,"minecraft:cobblestone_stairs":472,"minecraft:iron_shovel":469,"minecraft:stone_shovel":133,"minecraft:stone_pickaxe":355,"minecraft:chest":2,"minecraft:spruce_planks":12,"minecraft:wooden_pickaxe":24,"minecraft:iron_sword":157,"minecraft:stonecutter":1,"minecraft:cobblestone_slab":371,"minecraft:torch":14,"minecraft:mossy_cobblestone":2,"minecraft:dirt":165,"minecraft:spyglass":3,"minecraft:crafting_table":4,"minecraft:cobblestone_wall":80,"minecraft:white_bed":1,"minecraft:bread":74,"minecraft:iron_pickaxe":2519,"minecraft:wooden_sword":15,"minecraft:cobblestone":2734,"minecraft:bucket":5,"minecraft:cobbled_deepslate":2}},"DataVersion":3465}