{"stats":{"minecraft:picked_up":{"minecraft:iron_chestplate":1,"minecraft:wheat":159,"minecraft:chainmail_boots":1,"minecraft:glow_ink_sac":2,"minecraft:andesite":2,"minecraft:chainmail_chestplate":1,"minecraft:string":8,"minecraft:bone":3,"minecraft:acacia_planks":3,"minecraft:bow":1,"minecraft:wheat_seeds":430,"minecraft:cobbled_deepslate":1,"minecraft:sugar_cane":6,"minecraft:scaffolding":40,"minecraft:raw_iron":40,"minecraft:torch":3,"minecraft:mossy_cobblestone":7,"minecraft:arrow":3,"minecraft:rotten_flesh":20,"minecraft:glow_berries":4,"minecraft:coal":9,"minecraft:snowball":102,"minecraft:cobblestone":156},"minecraft:mined":{"minecraft:acacia_leaves":3,"minecraft:scaffolding":19,"minecraft:mossy_cobblestone":7,"minecraft:torch":2,"minecraft:cobblestone":50,"minecraft:sugar_cane":4,"minecraft:iron_ore":35,"minecraft:wheat":167,"minecraft:snow":102,"minecraft:andesite":2,"minecraft:grass":1,"minecraft:coal_ore":9,"minecraft:deepslate_iron_ore":5,"minecraft:cobweb":8,"minecraft:acacia_planks":3,"minecraft:stone":123,"minecraft:deepslate":1},"minecraft:crafted":{"minecraft:stone_shovel":1,"minecraft:iron_helmet":1,"minecraft:iron_sword":1,"minecraft:bucket":2,"minecraft:bone_meal":12,"minecraft:bread":51,"minecraft:air":0,"minecraft:bow":1,"minecraft:iron_chestplate":1,"minecraft:shield":1,"minecraft:stick":4,"minecraft:iron_ingot":37,"minecraft:iron_pickaxe":2,"minecraft:iron_leggings":1,"minecraft:torch":40},"minecraft:custom":{"minecraft:mob_kills":22,"minecraft:animals_bred":4,"minecraft:interact_with_crafting_table":18,"minecraft:time_since_death":47861,"minecraft:climb_one_cm":10646,"minecraft:time_since_rest":47891,"minecraft:sprint_one_cm":103887,"minecraft:damage_taken":1111,"minecraft:walk_one_cm":270632,"minecraft:damage_blocked_by_shield":555,"minecraft:damage_dealt":3573,"minecraft:swim_one_cm":1368,"minecraft:fly_one_cm":64488,"minecraft:open_chest":38,"minecraft:crouch_one_cm":1953,"minecraft:play_time":78918,"minecraft:deaths":1,"minecraft:sneak_time":953,"minecraft:walk_under_water_one_cm":10594,"minecraft:jump":517,"minecraft:interact_with_blast_furnace":17,"minecraft:walk_on_water_one_cm":17008,"minecraft:total_world_time":78918,"minecraft:interact_with_smoker":1,"minecraft:fall_one_cm":8743,"minecraft:use_cauldron":2},"minecraft:killed":{"minecraft:skeleton":3,"minecraft:zombie":18,"minecraft:glow_squid":1},"minecraft:used":{"minecraft:wheat_seeds":154,"minecraft:stone_sword":19,"minecraft:stone_shovel":102,"minecraft:shield":9,"minecraft:iron_sword":56,"minecraft:sugar_cane":6,"minecraft:iron_chestplate":1,"minecraft:torch":23,"minecraft:glow_berries":4,"minecraft:mossy_cobblestone":1,"minecraft:snowball":102,"minecraft:bread":13,"minecraft:iron_pickaxe":232,"minecraft:cobblestone":61,"minecraft:scaffolding":17,"minecraft:bucket":3,"minecraft:acacia_planks":1,"minecraft:bone_meal":12}},"DataVersion":3465}