{"stats":{"minecraft:picked_up":{"minecraft:scaffolding":40,"minecraft:wheat":66,"minecraft:wheat_seeds":182,"minecraft:torch":2,"minecraft:cobblestone":52,"minecraft:sugar_cane":6,"minecraft:glow_berries":4},"minecraft:mined":{"minecraft:grass":1,"minecraft:acacia_leaves":3,"minecraft:scaffolding":19,"minecraft:cobblestone":6,"minecraft:wheat":72,"minecraft:stone":54,"minecraft:sugar_cane":4,"minecraft:torch":1},"minecraft:crafted":{"minecraft:torch":20,"minecraft:shield":1,"minecraft:iron_helmet":1,"minecraft:bread":20,"minecraft:iron_pickaxe":1},"minecraft:custom":{"minecraft:open_chest":19,"minecraft:time_since_rest":17891,"minecraft:walk_one_cm":119320,"minecraft:play_time":48918,"minecraft:sprint_one_cm":36521,"minecraft:damage_taken":548,"minecraft:deaths":1,"minecraft:sneak_time":115,"minecraft:walk_under_water_one_cm":3163,"minecraft:animals_bred":4,"minecraft:jump":238,"minecraft:time_since_death":17861,"minecraft:walk_on_water_one_cm":8686,"minecraft:total_world_time":48918,"minecraft:climb_one_cm":9734,"minecraft:interact_with_crafting_table":5,"minecraft:swim_one_cm":1296,"minecraft:fall_one_cm":5908,"minecraft:fly_one_cm":27359},"minecraft:used":{"minecraft:wheat_seeds":70,"minecraft:glow_berries":4,"minecraft:torch":2,"minecraft:cobblestone":9,"minecraft:scaffolding":17,"minecraft:bread":4,"minecraft:iron_pickaxe":60,"minecraft:sugar_cane":6}},"DataVersion":3465}