{"stats":{"minecraft:picked_up":{"minecraft:scaffolding":40,"minecraft:raw_iron":40,"minecraft:wheat":66,"minecraft:glow_ink_sac":2,"minecraft:andesite":2,"minecraft:torch":3,"minecraft:string":8,"minecraft:mossy_cobblestone":7,"minecraft:bone":3,"minecraft:arrow":3,"minecraft:acacia_planks":3,"minecraft:bow":1,"minecraft:wheat_seeds":182,"minecraft:cobbled_deepslate":1,"minecraft:sugar_cane":6,"minecraft:glow_berries":4,"minecraft:coal":9,"minecraft:snowball":102,"minecraft:cobblestone":156},"minecraft:mined":{"minecraft:acacia_leaves":3,"minecraft:scaffolding":19,"minecraft:mossy_cobblestone":7,"minecraft:iron_ore":35,"minecraft:snow":102,"minecraft:wheat":72,"minecraft:andesite":2,"minecraft:torch":2,"minecraft:grass":1,"minecraft:deepslate_iron_ore":5,"minecraft:coal_ore":9,"minecraft:cobweb":8,"minecraft:cobblestone":50,"minecraft:acacia_planks":3,"minecraft:stone":123,"minecraft:sugar_cane":4,"minecraft:deepslate":1},"minecraft:crafted":{"minecraft:stone_shovel":1,"minecraft:bow":1,"minecraft:shield":1,"minecraft:iron_ingot":12,"minecraft:iron_pickaxe":1,"minecraft:iron_helmet":1,"minecraft:torch":20,"minecraft:air":0,"minecraft:bread":20},"minecraft:custom":{"minecraft:time_since_rest":35891,"minecraft:sprint_one_cm":76557,"minecraft:damage_taken":847,"minecraft:walk_one_cm":191740,"minecraft:damage_blocked_by_shield":555,"minecraft:mob_kills":4,"minecraft:animals_bred":4,"minecraft:damage_dealt":530,"minecraft:swim_one_cm":1368,"minecraft:interact_with_crafting_table":9,"minecraft:fly_one_cm":47128,"minecraft:open_chest":20,"minecraft:crouch_one_cm":1953,"minecraft:play_time":66918,"minecraft:deaths":1,"minecraft:sneak_time":953,"minecraft:walk_under_water_one_cm":10594,"minecraft:jump":445,"minecraft:interact_with_blast_furnace":9,"minecraft:walk_on_water_one_cm":17008,"minecraft:time_since_death":35861,"minecraft:interact_with_smoker":1,"minecraft:climb_one_cm":10646,"minecraft:total_world_time":66918,"minecraft:fall_one_cm":7489},"minecraft:killed":{"minecraft:skeleton":3,"minecraft:glow_squid":1},"minecraft:used":{"minecraft:wheat_seeds":70,"minecraft:stone_sword":19,"minecraft:stone_shovel":102,"minecraft:bread":10,"minecraft:iron_pickaxe":232,"minecraft:shield":9,"minecraft:sugar_cane":6,"minecraft:torch":23,"minecraft:glow_berries":4,"minecraft:mossy_cobblestone":1,"minecraft:cobblestone":61,"minecraft:scaffolding":17,"minecraft:acacia_planks":1,"minecraft:snowball":102}},"DataVersion":3465}