{"stats":{"minecraft:picked_up":{"minecraft:scaffolding":8,"minecraft:torch":1},"minecraft:mined":{"minecraft:scaffolding":8,"minecraft:torch":1},"minecraft:custom":{"minecraft:jump":84,"minecraft:time_since_rest":6918,"minecraft:damage_taken":210,"minecraft:sprint_one_cm":8377,"minecraft:play_time":6918,"minecraft:walk_on_water_one_cm":295,"minecraft:time_since_death":6918,"minecraft:walk_one_cm":8506,"minecraft:sneak_time":46,"minecraft:climb_one_cm":3587,"minecraft:total_world_time":6918,"minecraft:fall_one_cm":1492,"minecraft:fly_one_cm":14594},"minecraft:used":{"minecraft:torch":1,"minecraft:scaffolding":8}},"DataVersion":3465}