{"stats":{"minecraft:picked_up":{"minecraft:scaffolding":40,"minecraft:torch":1,"minecraft:glow_berries":4},"minecraft:mined":{"minecraft:acacia_leaves":3,"minecraft:scaffolding":19,"minecraft:torch":1},"minecraft:custom":{"minecraft:time_since_rest":5891,"minecraft:walk_one_cm":43960,"minecraft:play_time":36918,"minecraft:sprint_one_cm":13990,"minecraft:damage_taken":460,"minecraft:deaths":1,"minecraft:sneak_time":73,"minecraft:walk_under_water_one_cm":1798,"minecraft:jump":180,"minecraft:time_since_death":5861,"minecraft:walk_on_water_one_cm":2982,"minecraft:total_world_time":36918,"minecraft:climb_one_cm":9664,"minecraft:swim_one_cm":554,"minecraft:fall_one_cm":5281,"minecraft:fly_one_cm":21905},"minecraft:used":{"minecraft:glow_berries":4,"minecraft:torch":1,"minecraft:scaffolding":17}},"DataVersion":3465}