{"stats":{"minecraft:dropped":{"minecraft:iron_sword":1,"minecraft:wheat_seeds":1,"minecraft:crafting_table":1,"minecraft:diamond_horse_armor":2,"minecraft:torch":3,"minecraft:snowball":115,"minecraft:string":1,"minecraft:white_wool":2,"minecraft:obsidian":34,"minecraft:raw_iron":2,"minecraft:white_carpet":9,"minecraft:enchanted_golden_apple":1,"minecraft:light_gray_carpet":3,"minecraft:poppy":1},"minecraft:mined":{"minecraft:mossy_cobblestone":8,"minecraft:brewing_stand":2,"minecraft:budding_amethyst":3,"minecraft:acacia_log":1,"minecraft:grass_block":14,"minecraft:spruce_leaves":7,"minecraft:composter":1,"minecraft:cartography_table":1,"minecraft:large_fern":1,"minecraft:hay_block":22,"minecraft:redstone_ore":5,"minecraft:iron_ore":47,"minecraft:barrel":1,"minecraft:cobbled_deepslate":4,"minecraft:snow":218,"minecraft:andesite":2,"minecraft:fletching_table":1,"minecraft:pointed_dripstone":2,"minecraft:deepslate_iron_ore":12,"minecraft:stone":142,"minecraft:deepslate_redstone_ore":9,"minecraft:light_gray_carpet":3,"minecraft:acacia_leaves":3,"minecraft:scaffolding":19,"minecraft:red_bed":2,"minecraft:amethyst_cluster":3,"minecraft:dandelion":1,"minecraft:powder_snow":2,"minecraft:crafting_table":3,"minecraft:torch":8,"minecraft:calcite":9,"minecraft:stone_slab":1,"minecraft:tall_grass":9,"minecraft:cobblestone":202,"minecraft:deepslate_gold_ore":8,"minecraft:sugar_cane":9,"minecraft:damaged_anvil":1,"minecraft:wall_torch":2,"minecraft:amethyst_block":18,"minecraft:chain":1,"minecraft:wheat":167,"minecraft:white_carpet":9,"minecraft:spruce_log":6,"minecraft:smooth_stone_slab":6,"minecraft:grass":21,"minecraft:oak_log":8,"minecraft:coal_ore":40,"minecraft:sand":14,"minecraft:dripstone_block":2,"minecraft:dirt":3,"minecraft:cobweb":11,"minecraft:smooth_basalt":2,"minecraft:acacia_planks":3,"minecraft:deepslate":28,"minecraft:fern":2},"minecraft:broken":{"minecraft:stone_shovel":1},"minecraft:picked_up":{"minecraft:charcoal":6,"minecraft:crafting_table":7,"minecraft:iron_chestplate":4,"minecraft:wheat":159,"minecraft:chainmail_boots":1,"minecraft:chicken":2,"minecraft:ladder":4,"minecraft:stone_brick_wall":2,"minecraft:chain":1,"minecraft:brewing_stand":2,"minecraft:shield":3,"minecraft:amethyst_block":18,"minecraft:string":22,"minecraft:red_bed":2,"minecraft:smooth_stone_slab":10,"minecraft:iron_leggings":3,"minecraft:white_carpet":9,"minecraft:cartography_table":1,"minecraft:cobbled_deepslate":32,"minecraft:bucket":2,"minecraft:spruce_planks":37,"minecraft:beef":74,"minecraft:calcite":9,"minecraft:poppy":2,"minecraft:iron_pickaxe":3,"minecraft:sugar_cane":26,"minecraft:iron_boots":3,"minecraft:egg":2,"minecraft:stick":41,"minecraft:raw_iron":59,"minecraft:polished_deepslate_slab":1,"minecraft:oak_door":1,"minecraft:composter":1,"minecraft:torch":41,"minecraft:acacia_log":1,"minecraft:porkchop":7,"minecraft:pointed_dripstone":2,"minecraft:redstone":64,"minecraft:stone_shovel":2,"minecraft:arrow":8,"minecraft:rotten_flesh":46,"scout:satchel":1,"minecraft:shears":1,"minecraft:hay_block":22,"minecraft:glow_berries":4,"minecraft:mutton":16,"minecraft:snowball":217,"minecraft:white_wool":14,"minecraft:cobblestone":438,"minecraft:feather":2,"minecraft:glow_ink_sac":107,"minecraft:water_bucket":1,"minecraft:andesite":2,"minecraft:black_bed":2,"minecraft:leather":12,"minecraft:tuff":2,"minecraft:oak_log":8,"minecraft:chainmail_chestplate":1,"minecraft:dirt":209,"minecraft:bone":4,"minecraft:acacia_planks":3,"minecraft:stone_bricks":4,"minecraft:bow":2,"minecraft:wheat_seeds":433,"minecraft:raw_gold":31,"torchesntrinkets:torch_belt":2,"minecraft:fletching_table":1,"minecraft:oak_planks":62,"minecraft:iron_sword":4,"minecraft:scaffolding":40,"minecraft:smooth_basalt":2,"minecraft:dripstone_block":2,"minecraft:sand":14,"minecraft:amethyst_shard":12,"minecraft:spruce_sapling":2,"minecraft:spruce_log":8,"minecraft:spider_eye":5,"minecraft:barrel":1,"minecraft:mossy_cobblestone":10,"scout:tanned_leather":8,"minecraft:diamond":2,"minecraft:spruce_boat":3,"minecraft:stone_axe":2,"minecraft:iron_helmet":3,"minecraft:gray_wool":1,"minecraft:bread":85,"minecraft:light_gray_carpet":3,"minecraft:acacia_slab":10,"minecraft:oak_sapling":2,"minecraft:damaged_anvil":1,"minecraft:coal":46},"minecraft:killed":{"minecraft:spider":9,"minecraft:skeleton":5,"minecraft:chicken":2,"minecraft:pig":4,"minecraft:sheep":4,"minecraft:zombie":26,"minecraft:glow_squid":6,"minecraft:cow":18},"minecraft:custom":{"minecraft:interact_with_anvil":2,"minecraft:mob_kills":74,"minecraft:animals_bred":7,"minecraft:interact_with_crafting_table":70,"minecraft:open_barrel":26,"minecraft:fill_cauldron":1,"minecraft:interact_with_campfire":8,"minecraft:bell_ring":1,"minecraft:eat_cake_slice":4,"minecraft:leave_game":2,"minecraft:time_since_death":2803,"minecraft:climb_one_cm":27242,"minecraft:sprint_one_cm":1070731,"minecraft:damage_blocked_by_shield":1733,"minecraft:walk_one_cm":822077,"minecraft:drop":47,"minecraft:talked_to_villager":5,"minecraft:play_time":400326,"minecraft:deaths":11,"minecraft:sneak_time":6814,"minecraft:walk_under_water_one_cm":25451,"minecraft:boat_one_cm":112499,"minecraft:interact_with_brewingstand":4,"minecraft:jump":5202,"minecraft:interact_with_blast_furnace":35,"minecraft:walk_on_water_one_cm":76088,"minecraft:total_world_time":400326,"minecraft:interact_with_furnace":19,"minecraft:interact_with_cartography_table":5,"minecraft:interact_with_stonecutter":1,"minecraft:sleep_in_bed":4,"minecraft:time_since_rest":2829,"minecraft:damage_taken":5510,"minecraft:damage_dealt":10842,"minecraft:fly_one_cm":1204745,"minecraft:swim_one_cm":81681,"minecraft:open_chest":219,"minecraft:crouch_one_cm":14119,"minecraft:interact_with_smoker":26,"minecraft:use_cauldron":10,"minecraft:fall_one_cm":111763,"minecraft:horse_one_cm":9743},"minecraft:crafted":{"minecraft:oak_planks":32,"minecraft:stone_shovel":1,"minecraft:barrel":3,"scout:satchel":1,"minecraft:iron_nugget":9,"minecraft:stone_button":3,"minecraft:stone":2,"minecraft:bone_meal":12,"minecraft:cooked_mutton":29,"minecraft:lantern":1,"minecraft:glass":14,"minecraft:bow":1,"minecraft:spruce_slab":6,"minecraft:spruce_boat":1,"minecraft:wheat":198,"minecraft:cooked_beef":29,"minecraft:diamond_sword":1,"minecraft:cooked_porkchop":21,"minecraft:crafting_table":1,"minecraft:iron_helmet":2,"minecraft:iron_sword":1,"minecraft:bucket":3,"minecraft:campfire":1,"minecraft:bread":107,"minecraft:air":0,"torchesntrinkets:torch_belt":2,"scout:pouch":2,"minecraft:iron_chestplate":2,"minecraft:charcoal":15,"minecraft:shield":2,"minecraft:stick":28,"minecraft:iron_ingot":54,"minecraft:iron_pickaxe":3,"minecraft:iron_leggings":2,"minecraft:torch":40,"scout:satchel_strap":2},"minecraft:killed_by":{"minecraft:creeper":4,"minecraft:spider":1,"minecraft:skeleton":4,"minecraft:zombie":1},"minecraft:used":{"minecraft:stone_sword":19,"minecraft:acacia_log":1,"minecraft:stone_shovel":251,"minecraft:ladder":2,"minecraft:shield":27,"minecraft:iron_sword":192,"minecraft:iron_chestplate":3,"minecraft:torch":47,"minecraft:brewing_stand":2,"minecraft:dirt":11,"minecraft:snowball":102,"minecraft:spruce_boat":3,"minecraft:glass":9,"minecraft:lava_bucket":2,"minecraft:lantern":1,"minecraft:acacia_slab":5,"minecraft:iron_helmet":1,"minecraft:iron_boots":1,"minecraft:barrel":4,"minecraft:stone_bricks":2,"minecraft:scaffolding":17,"minecraft:oak_sapling":1,"minecraft:egg":2,"minecraft:acacia_planks":1,"minecraft:pointed_dripstone":2,"minecraft:wheat_seeds":154,"minecraft:cooked_mutton":1,"minecraft:water_bucket":4,"minecraft:damaged_anvil":1,"minecraft:cartography_table":1,"minecraft:composter":1,"minecraft:fletching_table":1,"minecraft:sugar_cane":6,"minecraft:polished_deepslate_slab":1,"minecraft:glow_berries":4,"minecraft:mossy_cobblestone":1,"minecraft:crafting_table":3,"minecraft:red_bed":1,"minecraft:crossbow":11,"minecraft:campfire":1,"minecraft:black_bed":1,"minecraft:spruce_log":1,"minecraft:bread":74,"minecraft:iron_pickaxe":561,"minecraft:spruce_sapling":1,"minecraft:stone_axe":23,"minecraft:diamond_sword":21,"minecraft:cobblestone":64,"minecraft:bucket":15,"minecraft:smooth_stone_slab":10,"minecraft:bone_meal":12}},"DataVersion":3465}