{"stats":{"minecraft:killed_by":{"minecraft:skeleton":1},"minecraft:crafted":{"minecraft:iron_sword":1,"minecraft:iron_chestplate":1,"minecraft:iron_boots":1,"minecraft:iron_helmet":1,"minecraft:iron_pickaxe":1},"minecraft:custom":{"minecraft:time_since_rest":3940,"minecraft:open_chest":30,"minecraft:play_time":6829,"minecraft:sprint_one_cm":45043,"minecraft:deaths":1,"minecraft:damage_taken":455,"minecraft:walk_one_cm":17008,"minecraft:walk_under_water_one_cm":1782,"minecraft:jump":36,"minecraft:leave_game":2,"minecraft:walk_on_water_one_cm":1260,"minecraft:time_since_death":5465,"minecraft:sleep_in_bed":1,"minecraft:climb_one_cm":472,"minecraft:total_world_time":6829,"minecraft:interact_with_smoker":1,"minecraft:interact_with_crafting_table":4,"minecraft:fall_one_cm":2805,"minecraft:fly_one_cm":7737}},"DataVersion":3465}