{"stats":{"minecraft:killed_by":{"minecraft:skeleton":1,"minecraft:illusioner":1},"minecraft:picked_up":{"minecraft:leather_boots":1,"minecraft:iron_chestplate":1,"minecraft:arrow":8,"minecraft:acacia_planks":4,"minecraft:bow":1,"minecraft:iron_helmet":1,"minecraft:iron_pickaxe":1,"minecraft:iron_sword":1,"minecraft:acacia_slab":1,"minecraft:dirt":22,"minecraft:snowball":10},"minecraft:mined":{"minecraft:grass_block":10,"minecraft:dirt":4,"minecraft:acacia_planks":2},"minecraft:crafted":{"minecraft:iron_sword":1,"minecraft:iron_chestplate":1,"minecraft:iron_boots":1,"minecraft:iron_helmet":1,"minecraft:iron_pickaxe":1},"minecraft:custom":{"minecraft:time_since_rest":1475,"minecraft:open_chest":37,"minecraft:play_time":12257,"minecraft:sprint_one_cm":77123,"minecraft:deaths":2,"minecraft:damage_taken":528,"minecraft:walk_one_cm":41227,"minecraft:walk_under_water_one_cm":1782,"minecraft:mob_kills":1,"minecraft:damage_dealt_resisted":60,"minecraft:jump":68,"minecraft:damage_dealt":78,"minecraft:leave_game":3,"minecraft:walk_on_water_one_cm":1320,"minecraft:time_since_death":1391,"minecraft:sleep_in_bed":1,"minecraft:climb_one_cm":938,"minecraft:total_world_time":12257,"minecraft:interact_with_smoker":1,"minecraft:interact_with_crafting_table":4,"minecraft:fall_one_cm":3140,"minecraft:fly_one_cm":9076},"minecraft:used":{"minecraft:dirt":13,"minecraft:acacia_slab":5,"minecraft:iron_sword":3,"minecraft:acacia_planks":25}},"DataVersion":3465}