{"stats":{"minecraft:killed_by":{"minecraft:skeleton":1,"minecraft:creeper":1,"minecraft:illusioner":1},"minecraft:picked_up":{"minecraft:iron_chestplate":1,"minecraft:wheat":78,"minecraft:gravel":22,"minecraft:flint":1,"minecraft:shield":1,"minecraft:gunpowder":1,"minecraft:dirt":123,"minecraft:leather_boots":2,"minecraft:arrow":16,"minecraft:acacia_planks":4,"minecraft:bow":2,"minecraft:wheat_seeds":206,"minecraft:iron_helmet":2,"minecraft:beef":4,"minecraft:iron_pickaxe":2,"minecraft:acacia_slab":1,"minecraft:iron_sword":2,"minecraft:snowball":15,"minecraft:cobblestone":4},"minecraft:mined":{"minecraft:large_fern":2,"minecraft:wheat":54,"minecraft:grass":7,"minecraft:grass_block":65,"minecraft:dirt_path":1,"minecraft:gravel":13,"minecraft:dirt":29,"minecraft:acacia_planks":2,"minecraft:stone":2},"minecraft:crafted":{"minecraft:iron_boots":1,"minecraft:iron_chestplate":1,"minecraft:shield":1,"minecraft:iron_ingot":3,"minecraft:iron_pickaxe":1,"minecraft:iron_helmet":1,"minecraft:iron_sword":1},"minecraft:broken":{"minecraft:stone_shovel":1},"minecraft:custom":{"minecraft:time_since_rest":1047,"minecraft:interact_with_furnace":2,"minecraft:sprint_one_cm":120201,"minecraft:damage_taken":883,"minecraft:walk_one_cm":110734,"minecraft:damage_blocked_by_shield":90,"minecraft:mob_kills":3,"minecraft:animals_bred":5,"minecraft:damage_dealt":448,"minecraft:interact_with_crafting_table":8,"minecraft:fly_one_cm":12641,"minecraft:open_chest":71,"minecraft:crouch_one_cm":119,"minecraft:play_time":22332,"minecraft:deaths":3,"minecraft:sneak_time":26,"minecraft:walk_under_water_one_cm":1782,"minecraft:jump":95,"minecraft:damage_dealt_resisted":60,"minecraft:interact_with_blast_furnace":1,"minecraft:leave_game":4,"minecraft:time_since_death":1006,"minecraft:walk_on_water_one_cm":1320,"minecraft:total_world_time":22332,"minecraft:sleep_in_bed":1,"minecraft:climb_one_cm":1286,"minecraft:interact_with_smoker":1,"minecraft:fall_one_cm":3140},"minecraft:killed":{"minecraft:creeper":1,"minecraft:cow":1},"minecraft:used":{"minecraft:wheat_seeds":64,"minecraft:stone_shovel":101,"minecraft:iron_pickaxe":7,"minecraft:acacia_slab":5,"minecraft:shield":5,"minecraft:iron_sword":67,"minecraft:dirt":13,"minecraft:acacia_planks":25}},"DataVersion":3465}