{"stats":{"minecraft:dropped":{"minecraft:cooked_beef":1,"minecraft:mossy_cobblestone":1,"minecraft:dirt":6,"minecraft:iron_pickaxe":1,"minecraft:string":2,"minecraft:smooth_basalt":4},"minecraft:killed_by":{"minecraft:creeper":2,"minecraft:skeleton":1,"minecraft:illusioner":1},"minecraft:picked_up":{"minecraft:crafting_table":1,"minecraft:iron_chestplate":1,"minecraft:wheat":267,"minecraft:chicken":1,"minecraft:shield":2,"minecraft:amethyst_block":94,"minecraft:string":7,"minecraft:raw_copper":20,"minecraft:smooth_stone_slab":1,"minecraft:cobbled_deepslate":208,"minecraft:beef":18,"minecraft:calcite":7,"minecraft:iron_pickaxe":4,"minecraft:light_gray_wool":1,"minecraft:raw_iron":42,"minecraft:acacia_fence":3,"minecraft:oak_fence":2,"minecraft:torch":14,"minecraft:acacia_log":7,"minecraft:porkchop":9,"minecraft:redstone":54,"minecraft:rotten_flesh":2,"minecraft:arrow":25,"minecraft:mutton":11,"minecraft:rail":1,"minecraft:snowball":21,"minecraft:white_wool":2,"minecraft:cobblestone":139,"minecraft:feather":2,"minecraft:glow_ink_sac":9,"minecraft:andesite":1,"minecraft:leather":5,"minecraft:flint":1,"minecraft:tuff":16,"minecraft:gunpowder":1,"minecraft:lapis_lazuli":78,"minecraft:dirt":280,"minecraft:leather_boots":3,"minecraft:bone":1,"minecraft:acacia_planks":6,"minecraft:bow":3,"minecraft:wheat_seeds":890,"minecraft:raw_gold":9,"minecraft:oak_planks":2,"minecraft:acacia_sapling":1,"minecraft:iron_sword":3,"minecraft:smooth_basalt":4,"minecraft:gravel":33,"minecraft:amethyst_shard":68,"minecraft:stripped_spruce_log":12,"minecraft:mossy_cobblestone":4,"minecraft:spider_eye":1,"minecraft:slime_ball":5,"minecraft:diamond":9,"minecraft:iron_helmet":3,"minecraft:granite":1,"minecraft:gray_wool":3,"minecraft:acacia_slab":3,"minecraft:black_wool":1,"minecraft:coal":27},"minecraft:mined":{"minecraft:tuff":17,"minecraft:mossy_cobblestone":4,"minecraft:deepslate_diamond_ore":9,"minecraft:granite":1,"minecraft:budding_amethyst":12,"minecraft:acacia_log":7,"minecraft:grass_block":139,"minecraft:spawner":1,"minecraft:large_fern":2,"minecraft:iron_ore":30,"minecraft:cobbled_deepslate":24,"minecraft:snow":6,"minecraft:andesite":1,"minecraft:stripped_spruce_log":14,"minecraft:deepslate_lapis_ore":6,"minecraft:dirt_path":1,"minecraft:deepslate_iron_ore":15,"minecraft:vine":1,"minecraft:stone":126,"minecraft:deepslate_redstone_ore":13,"minecraft:amethyst_cluster":13,"minecraft:cornflower":1,"minecraft:crafting_table":1,"minecraft:torch":5,"minecraft:calcite":8,"minecraft:tall_grass":1,"minecraft:copper_ore":5,"minecraft:cobblestone":12,"minecraft:lapis_ore":8,"minecraft:deepslate_gold_ore":9,"minecraft:wall_torch":8,"minecraft:amethyst_block":95,"minecraft:wheat":350,"minecraft:smooth_stone_slab":1,"minecraft:grass":9,"minecraft:coal_ore":27,"minecraft:acacia_fence":3,"minecraft:gravel":13,"minecraft:dirt":102,"minecraft:cobweb":1,"minecraft:smooth_basalt":2,"minecraft:acacia_planks":4,"minecraft:deepslate":191},"minecraft:crafted":{"minecraft:stone_shovel":2,"minecraft:cooked_chicken":2,"minecraft:acacia_fence_gate":2,"minecraft:andesite_wall":78,"minecraft:iron_boots":2,"minecraft:iron_axe":2,"minecraft:stone_pickaxe":1,"minecraft:chest":1,"minecraft:acacia_fence":39,"minecraft:cooked_beef":7,"minecraft:diamond_sword":1,"minecraft:arrow":24,"minecraft:crafting_table":2,"minecraft:spruce_planks":16,"minecraft:iron_helmet":1,"minecraft:iron_sword":1,"minecraft:clock":1,"minecraft:bucket":1,"minecraft:bread":20,"minecraft:air":0,"minecraft:iron_chestplate":1,"minecraft:diamond_pickaxe":1,"minecraft:shield":1,"minecraft:stick":80,"minecraft:compass":1,"minecraft:iron_ingot":66,"minecraft:iron_pickaxe":3,"minecraft:iron_leggings":1,"minecraft:acacia_planks":12,"minecraft:torch":84},"minecraft:broken":{"minecraft:stone_pickaxe":1,"minecraft:leather_boots":1,"minecraft:iron_pickaxe":2,"minecraft:stone_shovel":1},"minecraft:custom":{"minecraft:mob_kills":43,"minecraft:interact_with_anvil":5,"minecraft:animals_bred":18,"minecraft:interact_with_crafting_table":69,"minecraft:open_barrel":4,"minecraft:damage_dealt_resisted":60,"minecraft:leave_game":5,"minecraft:time_since_death":137662,"minecraft:climb_one_cm":8823,"minecraft:sprint_one_cm":596694,"minecraft:walk_one_cm":652365,"minecraft:damage_blocked_by_shield":1185,"minecraft:drop":7,"minecraft:play_time":161583,"minecraft:deaths":4,"minecraft:sneak_time":1571,"minecraft:walk_under_water_one_cm":9219,"minecraft:jump":878,"minecraft:interact_with_brewingstand":1,"minecraft:interact_with_blast_furnace":30,"minecraft:walk_on_water_one_cm":11264,"minecraft:total_world_time":161583,"minecraft:interact_with_furnace":25,"minecraft:interact_with_cartography_table":5,"minecraft:interact_with_stonecutter":3,"minecraft:sleep_in_bed":2,"minecraft:time_since_rest":159,"minecraft:damage_taken":2440,"minecraft:damage_dealt":3449,"minecraft:swim_one_cm":940,"minecraft:fly_one_cm":55297,"minecraft:open_chest":236,"minecraft:crouch_one_cm":2140,"minecraft:interact_with_smoker":41,"minecraft:fall_one_cm":10875,"minecraft:use_cauldron":3},"minecraft:killed":{"minecraft:cave_spider":1,"minecraft:spider":2,"minecraft:slime":12,"minecraft:skeleton":2,"minecraft:chicken":1,"minecraft:pig":6,"minecraft:creeper":1,"minecraft:sheep":7,"minecraft:zombie":1,"minecraft:cow":8},"minecraft:used":{"minecraft:stone_shovel":229,"minecraft:chest":1,"minecraft:shield":21,"minecraft:iron_sword":443,"minecraft:cooked_chicken":2,"minecraft:rotten_flesh":4,"minecraft:torch":55,"minecraft:dirt":100,"minecraft:tuff":1,"minecraft:andesite_wall":78,"minecraft:iron_axe":20,"minecraft:acacia_slab":14,"minecraft:bow":7,"minecraft:acacia_fence":41,"minecraft:cooked_beef":11,"minecraft:acacia_planks":35,"minecraft:deepslate_brick_wall":15,"minecraft:wheat_seeds":319,"minecraft:stone_pickaxe":131,"minecraft:crafting_table":1,"minecraft:diamond_pickaxe":12,"minecraft:bread":11,"minecraft:iron_pickaxe":508,"minecraft:acacia_fence_gate":2,"minecraft:diamond_sword":3,"minecraft:bucket":3,"minecraft:smooth_stone_slab":1}},"DataVersion":3465}