{"stats":{"minecraft:killed_by":{"minecraft:skeleton":1},"minecraft:custom":{"minecraft:jump":36,"minecraft:open_chest":1,"minecraft:time_since_rest":822,"minecraft:damage_taken":455,"minecraft:walk_one_cm":10393,"minecraft:leave_game":2,"minecraft:sprint_one_cm":41630,"minecraft:play_time":3711,"minecraft:time_since_death":2347,"minecraft:walk_on_water_one_cm":1260,"minecraft:deaths":1,"minecraft:sleep_in_bed":1,"minecraft:total_world_time":3711,"minecraft:climb_one_cm":472,"minecraft:walk_under_water_one_cm":1782,"minecraft:fall_one_cm":2805,"minecraft:fly_one_cm":7737}},"DataVersion":3465}