{"stats":{"minecraft:killed_by":{"minecraft:skeleton":1},"minecraft:custom":{"minecraft:jump":36,"minecraft:open_chest":1,"minecraft:time_since_rest":429,"minecraft:leave_game":1,"minecraft:deaths":1,"minecraft:walk_on_water_one_cm":1260,"minecraft:sprint_one_cm":41630,"minecraft:play_time":3318,"minecraft:damage_taken":455,"minecraft:time_since_death":1954,"minecraft:walk_one_cm":10393,"minecraft:sleep_in_bed":1,"minecraft:climb_one_cm":472,"minecraft:total_world_time":3318,"minecraft:walk_under_water_one_cm":1782,"minecraft:fall_one_cm":2805,"minecraft:fly_one_cm":7737}},"DataVersion":3465}