{"stats":{"minecraft:used":{"minecraft:cooked_mutton":6,"minecraft:water_bucket":1,"minecraft:stone_sword":82,"minecraft:cobblestone_stairs":34,"minecraft:stone_pickaxe":692,"minecraft:stone_shovel":656,"minecraft:ladder":6,"minecraft:spruce_planks":23,"minecraft:chest":4,"minecraft:wooden_pickaxe":28,"minecraft:blue_bed":1,"minecraft:wooden_shovel":2,"minecraft:torch":49,"minecraft:dirt":67,"minecraft:crafting_table":4,"minecraft:spruce_button":2,"minecraft:iron_pickaxe":43,"minecraft:acacia_slab":156,"minecraft:stone_slab":1,"minecraft:iron_door":1,"minecraft:stone_axe":432,"minecraft:cobblestone":3,"minecraft:furnace":6,"minecraft:cooked_porkchop":9,"minecraft:bucket":1,"minecraft:acacia_planks":444},"minecraft:custom":{"minecraft:interact_with_furnace":26,"minecraft:mob_kills":17,"minecraft:interact_with_crafting_table":54,"minecraft:time_since_death":48935,"minecraft:sleep_in_bed":1,"minecraft:climb_one_cm":1922,"minecraft:time_since_rest":40853,"minecraft:sprint_one_cm":311444,"minecraft:damage_taken":1542,"minecraft:walk_one_cm":472595,"minecraft:drop":4,"minecraft:damage_dealt":2527,"minecraft:fly_one_cm":35787,"minecraft:open_chest":58,"minecraft:crouch_one_cm":13147,"minecraft:play_time":140509,"minecraft:deaths":2,"minecraft:sneak_time":3514,"minecraft:walk_under_water_one_cm":11457,"minecraft:jump":850,"minecraft:walk_on_water_one_cm":20655,"minecraft:total_world_time":140509,"minecraft:fall_one_cm":9656},"minecraft:killed_by":{"minecraft:zombie_villager":1,"minecraft:skeleton":1},"minecraft:crafted":{"minecraft:wooden_shovel":1,"minecraft:stone_shovel":6,"minecraft:cooked_porkchop":8,"minecraft:crafting_table":4,"minecraft:spruce_planks":116,"minecraft:iron_helmet":1,"minecraft:acacia_slab":246,"minecraft:wooden_pickaxe":1,"minecraft:furnace":4,"minecraft:blue_bed":1,"minecraft:cobblestone_stairs":32,"minecraft:bucket":1,"minecraft:stone_axe":4,"minecraft:cooked_mutton":9,"minecraft:air":0,"minecraft:blue_dye":3,"minecraft:bow":2,"minecraft:iron_boots":1,"minecraft:iron_chestplate":1,"minecraft:charcoal":36,"minecraft:ladder":9,"minecraft:stick":116,"minecraft:iron_pickaxe":1,"minecraft:iron_ingot":45,"minecraft:stone_pickaxe":6,"minecraft:wooden_axe":1,"minecraft:blue_wool":3,"minecraft:stone_sword":1,"minecraft:chest":4,"minecraft:iron_leggings":1,"minecraft:acacia_planks":1168,"minecraft:torch":196},"minecraft:picked_up":{"minecraft:wooden_axe":1,"minecraft:charcoal":5,"minecraft:ladder":6,"minecraft:iron_door":1,"minecraft:water_bucket":1,"minecraft:brown_wool":1,"minecraft:stone_slab":5,"minecraft:gunpowder":3,"minecraft:cobblestone_stairs":2,"minecraft:string":12,"minecraft:cornflower":12,"minecraft:dirt":686,"minecraft:raw_copper":109,"biomemakeover:cladded_chestplate":1,"minecraft:acacia_planks":51,"minecraft:bow":1,"minecraft:orange_tulip":1,"minecraft:wheat_seeds":22,"minecraft:cobbled_deepslate":16,"minecraft:raw_gold":10,"minecraft:spruce_planks":164,"minecraft:stone_pickaxe":3,"minecraft:wooden_shovel":1,"minecraft:iron_pickaxe":1,"minecraft:light_gray_wool":1,"minecraft:acacia_sapling":1,"minecraft:raw_copper_block":1,"minecraft:furnace":2,"minecraft:stick":3,"minecraft:raw_iron":80,"minecraft:stone":40,"minecraft:cooked_porkchop":2,"minecraft:torch":33,"minecraft:acacia_log":292,"minecraft:gravel":39,"minecraft:porkchop":10,"minecraft:stripped_spruce_log":76,"minecraft:spider_eye":1,"minecraft:mossy_cobblestone":7,"minecraft:stripped_acacia_log":2,"minecraft:stone_sword":2,"minecraft:stone_shovel":1,"minecraft:rotten_flesh":6,"minecraft:granite":3,"minecraft:spruce_button":2,"minecraft:acacia_slab":10,"minecraft:mutton":9,"minecraft:snowball":4,"minecraft:coal":90,"minecraft:white_wool":3,"minecraft:cobblestone":568},"minecraft:killed":{"minecraft:pig":6,"minecraft:spider":2,"minecraft:creeper":2,"minecraft:sheep":5,"minecraft:zombie":2},"minecraft:dropped":{"minecraft:wooden_axe":1,"minecraft:wooden_shovel":1,"minecraft:bow":2},"minecraft:mined":{"minecraft:acacia_leaves":6,"minecraft:spruce_planks":23,"minecraft:mossy_cobblestone":7,"minecraft:cobblestone_stairs":2,"minecraft:cornflower":12,"minecraft:torch":4,"minecraft:ladder":2,"minecraft:granite":7,"minecraft:spruce_button":1,"minecraft:acacia_log":299,"minecraft:grass_block":490,"minecraft:stone_slab":4,"minecraft:cobblestone":3,"minecraft:copper_ore":22,"minecraft:tall_grass":5,"minecraft:acacia_slab":9,"minecraft:iron_door":1,"minecraft:wall_torch":4,"minecraft:large_fern":3,"minecraft:furnace":2,"minecraft:nether_sprouts":1,"minecraft:iron_ore":46,"minecraft:snow":2,"minecraft:stripped_spruce_log":75,"minecraft:orange_tulip":1,"minecraft:grass":30,"minecraft:coal_ore":69,"minecraft:vine":4,"minecraft:gravel":6,"minecraft:dirt":159,"minecraft:stripped_acacia_log":2,"minecraft:cobweb":6,"minecraft:acacia_planks":16,"minecraft:raw_copper_block":1,"minecraft:stone":569,"minecraft:gold_ore":5,"minecraft:deepslate":8,"minecraft:fern":4},"minecraft:broken":{"minecraft:stone_pickaxe":4,"minecraft:stone_axe":2,"minecraft:stone_shovel":4}},"DataVersion":3465}