{"stats":{"minecraft:used":{"minecraft:stone_sword":38,"minecraft:stone_pickaxe":262,"minecraft:stone_shovel":60,"minecraft:spruce_planks":23,"minecraft:chest":1,"minecraft:wooden_pickaxe":28,"minecraft:wooden_shovel":2,"minecraft:torch":7,"minecraft:dirt":2,"minecraft:crafting_table":3,"minecraft:stone_axe":164,"minecraft:cobblestone":2,"minecraft:furnace":1,"minecraft:cooked_porkchop":3,"minecraft:acacia_planks":75},"minecraft:custom":{"minecraft:interact_with_furnace":7,"minecraft:mob_kills":12,"minecraft:interact_with_crafting_table":18,"minecraft:time_since_death":26035,"minecraft:time_since_rest":26060,"minecraft:sprint_one_cm":80224,"minecraft:damage_taken":415,"minecraft:walk_one_cm":122093,"minecraft:drop":2,"minecraft:damage_dealt":1240,"minecraft:fly_one_cm":10378,"minecraft:open_chest":11,"minecraft:crouch_one_cm":809,"minecraft:play_time":38509,"minecraft:deaths":1,"minecraft:sneak_time":181,"minecraft:walk_under_water_one_cm":37,"minecraft:jump":244,"minecraft:walk_on_water_one_cm":476,"minecraft:total_world_time":38509,"minecraft:fall_one_cm":2656},"minecraft:killed_by":{"minecraft:zombie_villager":1},"minecraft:crafted":{"minecraft:wooden_shovel":1,"minecraft:stone_shovel":2,"minecraft:cooked_porkchop":8,"minecraft:crafting_table":3,"minecraft:spruce_planks":116,"minecraft:wooden_pickaxe":1,"minecraft:furnace":1,"minecraft:stone_axe":3,"minecraft:cooked_mutton":9,"minecraft:charcoal":17,"minecraft:stick":36,"minecraft:stone_pickaxe":2,"minecraft:wooden_axe":1,"minecraft:stone_sword":1,"minecraft:chest":1,"minecraft:acacia_planks":288,"minecraft:torch":20},"minecraft:picked_up":{"minecraft:wooden_axe":1,"minecraft:brown_wool":1,"minecraft:cornflower":4,"minecraft:dirt":56,"minecraft:raw_copper":81,"minecraft:acacia_planks":32,"minecraft:wheat_seeds":1,"minecraft:spruce_planks":164,"minecraft:stone_pickaxe":1,"minecraft:wooden_shovel":1,"minecraft:light_gray_wool":1,"minecraft:acacia_sapling":1,"minecraft:stick":3,"minecraft:raw_iron":3,"minecraft:cooked_porkchop":1,"minecraft:torch":1,"minecraft:acacia_log":100,"minecraft:gravel":32,"minecraft:porkchop":10,"minecraft:stripped_spruce_log":46,"minecraft:stripped_acacia_log":1,"minecraft:stone_sword":1,"minecraft:mutton":9,"minecraft:snowball":4,"minecraft:coal":29,"minecraft:white_wool":3,"minecraft:cobblestone":260},"minecraft:killed":{"minecraft:pig":6,"minecraft:spider":1,"minecraft:sheep":5},"minecraft:dropped":{"minecraft:wooden_axe":1,"minecraft:wooden_shovel":1},"minecraft:mined":{"minecraft:acacia_leaves":6,"minecraft:spruce_planks":23,"minecraft:cornflower":3,"minecraft:acacia_log":101,"minecraft:grass_block":47,"minecraft:copper_ore":15,"minecraft:tall_grass":3,"minecraft:wall_torch":1,"minecraft:nether_sprouts":1,"minecraft:iron_ore":2,"minecraft:snow":2,"minecraft:stripped_spruce_log":44,"minecraft:grass":10,"minecraft:coal_ore":29,"minecraft:dirt":9,"minecraft:stripped_acacia_log":1,"minecraft:acacia_planks":1,"minecraft:stone":241,"minecraft:fern":1},"minecraft:broken":{"minecraft:stone_pickaxe":2,"minecraft:stone_axe":1}},"DataVersion":3465}