{"stats":{"minecraft:used":{"minecraft:stone_sword":40,"minecraft:cobblestone_stairs":34,"minecraft:stone_pickaxe":524,"minecraft:stone_shovel":624,"minecraft:spruce_planks":23,"minecraft:chest":2,"minecraft:wooden_pickaxe":28,"minecraft:blue_bed":1,"minecraft:wooden_shovel":2,"minecraft:torch":20,"minecraft:dirt":14,"minecraft:crafting_table":3,"minecraft:acacia_slab":71,"minecraft:stone_axe":168,"minecraft:cobblestone":3,"minecraft:furnace":1,"minecraft:cooked_porkchop":4,"minecraft:acacia_planks":76},"minecraft:custom":{"minecraft:interact_with_furnace":10,"minecraft:mob_kills":12,"minecraft:interact_with_crafting_table":27,"minecraft:time_since_death":56035,"minecraft:time_since_rest":56060,"minecraft:sprint_one_cm":138192,"minecraft:damage_taken":445,"minecraft:walk_one_cm":240982,"minecraft:drop":2,"minecraft:damage_dealt":1240,"minecraft:fly_one_cm":14231,"minecraft:open_chest":22,"minecraft:crouch_one_cm":3244,"minecraft:play_time":68509,"minecraft:deaths":1,"minecraft:sneak_time":580,"minecraft:walk_under_water_one_cm":37,"minecraft:jump":358,"minecraft:walk_on_water_one_cm":1550,"minecraft:total_world_time":68509,"minecraft:fall_one_cm":3953},"minecraft:killed_by":{"minecraft:zombie_villager":1},"minecraft:crafted":{"minecraft:wooden_shovel":1,"minecraft:stone_shovel":5,"minecraft:cooked_porkchop":8,"minecraft:crafting_table":3,"minecraft:spruce_planks":116,"minecraft:acacia_slab":132,"minecraft:wooden_pickaxe":1,"minecraft:furnace":1,"minecraft:blue_bed":1,"minecraft:cobblestone_stairs":32,"minecraft:stone_axe":4,"minecraft:cooked_mutton":9,"minecraft:air":0,"minecraft:blue_dye":3,"minecraft:charcoal":17,"minecraft:stick":36,"minecraft:iron_ingot":2,"minecraft:stone_pickaxe":4,"minecraft:wooden_axe":1,"minecraft:blue_wool":3,"minecraft:stone_sword":1,"minecraft:chest":2,"minecraft:acacia_planks":288,"minecraft:torch":20},"minecraft:picked_up":{"minecraft:wooden_axe":1,"minecraft:brown_wool":1,"minecraft:cobblestone_stairs":2,"minecraft:cornflower":4,"minecraft:dirt":576,"minecraft:raw_copper":109,"minecraft:acacia_planks":33,"minecraft:wheat_seeds":22,"minecraft:spruce_planks":164,"minecraft:stone_pickaxe":1,"minecraft:wooden_shovel":1,"minecraft:light_gray_wool":1,"minecraft:acacia_sapling":1,"minecraft:raw_copper_block":1,"minecraft:stick":3,"minecraft:raw_iron":11,"minecraft:cooked_porkchop":1,"minecraft:torch":3,"minecraft:acacia_log":100,"minecraft:gravel":38,"minecraft:porkchop":10,"minecraft:stripped_spruce_log":46,"minecraft:mossy_cobblestone":5,"minecraft:stripped_acacia_log":1,"minecraft:stone_sword":1,"minecraft:granite":3,"minecraft:acacia_slab":3,"minecraft:mutton":9,"minecraft:snowball":4,"minecraft:coal":29,"minecraft:white_wool":3,"minecraft:cobblestone":456},"minecraft:killed":{"minecraft:pig":6,"minecraft:spider":1,"minecraft:sheep":5},"minecraft:dropped":{"minecraft:wooden_axe":1,"minecraft:wooden_shovel":1},"minecraft:mined":{"minecraft:acacia_leaves":6,"minecraft:spruce_planks":23,"minecraft:mossy_cobblestone":6,"minecraft:cobblestone_stairs":2,"minecraft:cornflower":3,"minecraft:torch":2,"minecraft:granite":7,"minecraft:acacia_log":101,"minecraft:grass_block":485,"minecraft:cobblestone":2,"minecraft:copper_ore":22,"minecraft:tall_grass":5,"minecraft:acacia_slab":3,"minecraft:wall_torch":1,"minecraft:large_fern":2,"minecraft:nether_sprouts":1,"minecraft:iron_ore":10,"minecraft:snow":2,"minecraft:stripped_spruce_log":44,"minecraft:grass":24,"minecraft:coal_ore":29,"minecraft:gravel":6,"minecraft:dirt":121,"minecraft:stripped_acacia_log":1,"minecraft:acacia_planks":2,"minecraft:raw_copper_block":1,"minecraft:stone":462,"minecraft:fern":4},"minecraft:broken":{"minecraft:stone_pickaxe":4,"minecraft:stone_axe":1,"minecraft:stone_shovel":4}},"DataVersion":3465}