{"stats":{"minecraft:used":{"minecraft:stone_sword":41,"minecraft:cobblestone_stairs":34,"minecraft:stone_pickaxe":524,"minecraft:stone_shovel":624,"minecraft:ladder":2,"minecraft:spruce_planks":23,"minecraft:chest":2,"minecraft:wooden_pickaxe":28,"minecraft:blue_bed":1,"minecraft:wooden_shovel":2,"minecraft:torch":23,"minecraft:dirt":19,"minecraft:crafting_table":4,"minecraft:acacia_slab":141,"minecraft:stone_axe":174,"minecraft:cobblestone":3,"minecraft:furnace":1,"minecraft:cooked_porkchop":5,"minecraft:acacia_planks":185},"minecraft:custom":{"minecraft:interact_with_furnace":11,"minecraft:mob_kills":12,"minecraft:interact_with_crafting_table":34,"minecraft:time_since_death":68035,"minecraft:climb_one_cm":299,"minecraft:time_since_rest":68060,"minecraft:sprint_one_cm":155495,"minecraft:damage_taken":510,"minecraft:walk_one_cm":271449,"minecraft:drop":2,"minecraft:damage_dealt":1290,"minecraft:fly_one_cm":15980,"minecraft:open_chest":28,"minecraft:crouch_one_cm":6524,"minecraft:play_time":80509,"minecraft:deaths":1,"minecraft:sneak_time":1401,"minecraft:walk_under_water_one_cm":37,"minecraft:jump":414,"minecraft:walk_on_water_one_cm":4603,"minecraft:total_world_time":80509,"minecraft:fall_one_cm":5666},"minecraft:killed_by":{"minecraft:zombie_villager":1},"minecraft:crafted":{"minecraft:wooden_shovel":1,"minecraft:stone_shovel":5,"minecraft:cooked_porkchop":8,"minecraft:crafting_table":4,"minecraft:spruce_planks":116,"minecraft:acacia_slab":156,"minecraft:wooden_pickaxe":1,"minecraft:furnace":1,"minecraft:blue_bed":1,"minecraft:cobblestone_stairs":32,"minecraft:bucket":1,"minecraft:stone_axe":4,"minecraft:cooked_mutton":9,"minecraft:air":0,"minecraft:blue_dye":3,"minecraft:charcoal":17,"minecraft:ladder":6,"minecraft:stick":60,"minecraft:iron_pickaxe":1,"minecraft:iron_ingot":10,"minecraft:stone_pickaxe":6,"minecraft:wooden_axe":1,"minecraft:blue_wool":3,"minecraft:stone_sword":1,"minecraft:chest":2,"minecraft:acacia_planks":400,"minecraft:torch":36},"minecraft:picked_up":{"minecraft:wooden_axe":1,"minecraft:brown_wool":1,"minecraft:stone_slab":1,"minecraft:cobblestone_stairs":2,"minecraft:cornflower":4,"minecraft:dirt":593,"minecraft:raw_copper":109,"minecraft:acacia_planks":40,"minecraft:wheat_seeds":22,"minecraft:spruce_planks":164,"minecraft:stone_pickaxe":1,"minecraft:wooden_shovel":1,"minecraft:light_gray_wool":1,"minecraft:acacia_sapling":1,"minecraft:raw_copper_block":1,"minecraft:stick":3,"minecraft:raw_iron":11,"minecraft:cooked_porkchop":1,"minecraft:torch":3,"minecraft:acacia_log":100,"minecraft:gravel":39,"minecraft:porkchop":10,"minecraft:stripped_spruce_log":46,"minecraft:mossy_cobblestone":5,"minecraft:stripped_acacia_log":1,"minecraft:stone_sword":1,"minecraft:granite":3,"minecraft:acacia_slab":7,"minecraft:mutton":9,"minecraft:snowball":4,"minecraft:coal":29,"minecraft:white_wool":3,"minecraft:cobblestone":457},"minecraft:killed":{"minecraft:pig":6,"minecraft:spider":1,"minecraft:sheep":5},"minecraft:dropped":{"minecraft:wooden_axe":1,"minecraft:wooden_shovel":1},"minecraft:mined":{"minecraft:acacia_leaves":6,"minecraft:spruce_planks":23,"minecraft:mossy_cobblestone":6,"minecraft:cobblestone_stairs":2,"minecraft:cornflower":3,"minecraft:torch":2,"minecraft:granite":7,"minecraft:acacia_log":101,"minecraft:grass_block":488,"minecraft:cobblestone":2,"minecraft:copper_ore":22,"minecraft:tall_grass":5,"minecraft:acacia_slab":6,"minecraft:wall_torch":1,"minecraft:large_fern":3,"minecraft:nether_sprouts":1,"minecraft:iron_ore":10,"minecraft:snow":2,"minecraft:stripped_spruce_log":44,"minecraft:grass":26,"minecraft:coal_ore":29,"minecraft:gravel":6,"minecraft:dirt":122,"minecraft:stripped_acacia_log":1,"minecraft:acacia_planks":5,"minecraft:raw_copper_block":1,"minecraft:stone":462,"minecraft:fern":4},"minecraft:broken":{"minecraft:stone_pickaxe":4,"minecraft:stone_axe":1,"minecraft:stone_shovel":4}},"DataVersion":3465}