{"stats":{"minecraft:used":{"minecraft:cooked_mutton":1,"minecraft:water_bucket":1,"minecraft:stone_sword":65,"minecraft:cobblestone_stairs":34,"minecraft:stone_pickaxe":679,"minecraft:stone_shovel":656,"minecraft:ladder":2,"minecraft:spruce_planks":23,"minecraft:chest":2,"minecraft:wooden_pickaxe":28,"minecraft:blue_bed":1,"minecraft:wooden_shovel":2,"minecraft:torch":49,"minecraft:dirt":66,"minecraft:crafting_table":4,"minecraft:iron_pickaxe":43,"minecraft:acacia_slab":142,"minecraft:stone_axe":178,"minecraft:cobblestone":3,"minecraft:furnace":1,"minecraft:cooked_porkchop":9,"minecraft:bucket":1,"minecraft:acacia_planks":316},"minecraft:custom":{"minecraft:interact_with_furnace":15,"minecraft:mob_kills":15,"minecraft:interact_with_crafting_table":41,"minecraft:time_since_death":18935,"minecraft:sleep_in_bed":1,"minecraft:climb_one_cm":713,"minecraft:time_since_rest":10853,"minecraft:sprint_one_cm":236824,"minecraft:damage_taken":1155,"minecraft:walk_one_cm":382983,"minecraft:drop":2,"minecraft:damage_dealt":2061,"minecraft:fly_one_cm":27091,"minecraft:open_chest":45,"minecraft:crouch_one_cm":9136,"minecraft:play_time":110509,"minecraft:deaths":2,"minecraft:sneak_time":2296,"minecraft:walk_under_water_one_cm":10034,"minecraft:jump":682,"minecraft:walk_on_water_one_cm":17551,"minecraft:total_world_time":110509,"minecraft:fall_one_cm":8049},"minecraft:killed_by":{"minecraft:zombie_villager":1,"minecraft:skeleton":1},"minecraft:crafted":{"minecraft:wooden_shovel":1,"minecraft:stone_shovel":5,"minecraft:cooked_porkchop":8,"minecraft:crafting_table":4,"minecraft:spruce_planks":116,"minecraft:iron_helmet":1,"minecraft:acacia_slab":156,"minecraft:wooden_pickaxe":1,"minecraft:furnace":1,"minecraft:blue_bed":1,"minecraft:cobblestone_stairs":32,"minecraft:bucket":1,"minecraft:stone_axe":4,"minecraft:cooked_mutton":9,"minecraft:air":0,"minecraft:blue_dye":3,"minecraft:iron_boots":1,"minecraft:iron_chestplate":1,"minecraft:charcoal":17,"minecraft:ladder":6,"minecraft:stick":100,"minecraft:iron_pickaxe":1,"minecraft:iron_ingot":45,"minecraft:stone_pickaxe":6,"minecraft:wooden_axe":1,"minecraft:blue_wool":3,"minecraft:stone_sword":1,"minecraft:chest":2,"minecraft:iron_leggings":1,"minecraft:acacia_planks":400,"minecraft:torch":196},"minecraft:picked_up":{"minecraft:wooden_axe":1,"minecraft:ladder":4,"minecraft:water_bucket":1,"minecraft:brown_wool":1,"minecraft:stone_slab":4,"minecraft:cobblestone_stairs":2,"minecraft:string":12,"minecraft:cornflower":4,"minecraft:dirt":681,"minecraft:raw_copper":109,"biomemakeover:cladded_chestplate":1,"minecraft:acacia_planks":43,"minecraft:wheat_seeds":22,"minecraft:cobbled_deepslate":16,"minecraft:raw_gold":10,"minecraft:spruce_planks":164,"minecraft:stone_pickaxe":3,"minecraft:wooden_shovel":1,"minecraft:iron_pickaxe":1,"minecraft:light_gray_wool":1,"minecraft:acacia_sapling":1,"minecraft:raw_copper_block":1,"minecraft:stick":3,"minecraft:raw_iron":80,"minecraft:cooked_porkchop":2,"minecraft:torch":7,"minecraft:acacia_log":100,"minecraft:gravel":39,"minecraft:porkchop":10,"minecraft:stripped_spruce_log":46,"minecraft:spider_eye":1,"minecraft:mossy_cobblestone":7,"minecraft:stripped_acacia_log":1,"minecraft:stone_sword":2,"minecraft:stone_shovel":1,"minecraft:rotten_flesh":6,"minecraft:granite":3,"minecraft:acacia_slab":8,"minecraft:mutton":9,"minecraft:snowball":4,"minecraft:coal":90,"minecraft:white_wool":3,"minecraft:cobblestone":561},"minecraft:killed":{"minecraft:pig":6,"minecraft:spider":2,"minecraft:sheep":5,"minecraft:zombie":2},"minecraft:dropped":{"minecraft:wooden_axe":1,"minecraft:wooden_shovel":1},"minecraft:mined":{"minecraft:acacia_leaves":6,"minecraft:spruce_planks":23,"minecraft:mossy_cobblestone":7,"minecraft:cobblestone_stairs":2,"minecraft:cornflower":3,"minecraft:torch":4,"minecraft:granite":7,"minecraft:acacia_log":101,"minecraft:grass_block":488,"minecraft:stone_slab":3,"minecraft:cobblestone":3,"minecraft:copper_ore":22,"minecraft:tall_grass":5,"minecraft:acacia_slab":7,"minecraft:wall_torch":3,"minecraft:large_fern":3,"minecraft:nether_sprouts":1,"minecraft:iron_ore":46,"minecraft:snow":2,"minecraft:stripped_spruce_log":44,"minecraft:grass":26,"minecraft:coal_ore":69,"minecraft:vine":4,"minecraft:gravel":6,"minecraft:dirt":156,"minecraft:stripped_acacia_log":1,"minecraft:cobweb":6,"minecraft:acacia_planks":8,"minecraft:raw_copper_block":1,"minecraft:stone":563,"minecraft:gold_ore":5,"minecraft:deepslate":8,"minecraft:fern":4},"minecraft:broken":{"minecraft:stone_pickaxe":4,"minecraft:stone_axe":1,"minecraft:stone_shovel":4}},"DataVersion":3465}