{"stats":{"minecraft:used":{"minecraft:crafting_table":1,"minecraft:stone_pickaxe":30,"minecraft:wooden_pickaxe":28,"minecraft:wooden_shovel":2},"minecraft:custom":{"minecraft:time_since_rest":8509,"minecraft:play_time":8509,"minecraft:sprint_one_cm":22363,"minecraft:damage_taken":85,"minecraft:walk_one_cm":21338,"minecraft:jump":42,"minecraft:damage_dealt":20,"minecraft:time_since_death":8509,"minecraft:total_world_time":8509,"minecraft:fall_one_cm":209,"minecraft:fly_one_cm":2974,"minecraft:interact_with_crafting_table":5},"minecraft:picked_up":{"minecraft:raw_copper":14,"minecraft:raw_iron":1,"minecraft:cooked_porkchop":1,"minecraft:spruce_planks":21,"minecraft:stripped_spruce_log":4,"minecraft:snowball":2,"minecraft:cobblestone":48},"minecraft:crafted":{"minecraft:stone_sword":1,"minecraft:wooden_shovel":1,"minecraft:stone_axe":1,"minecraft:crafting_table":1,"minecraft:spruce_planks":16,"minecraft:stick":12,"minecraft:wooden_pickaxe":1,"minecraft:stone_pickaxe":1,"minecraft:wooden_axe":1},"minecraft:mined":{"minecraft:iron_ore":1,"minecraft:copper_ore":4,"minecraft:snow":2,"minecraft:stone":52,"minecraft:stripped_spruce_log":4}},"DataVersion":3465}