{"stats":{"minecraft:used":{"minecraft:stone_sword":38,"minecraft:stone_shovel":49,"minecraft:stone_pickaxe":45,"minecraft:spruce_planks":23,"minecraft:wooden_pickaxe":28,"minecraft:wooden_shovel":2,"minecraft:stone_axe":164,"minecraft:furnace":1,"minecraft:crafting_table":3,"minecraft:cooked_porkchop":1,"minecraft:acacia_planks":60},"minecraft:custom":{"minecraft:time_since_rest":14060,"minecraft:interact_with_furnace":1,"minecraft:sprint_one_cm":78353,"minecraft:damage_taken":415,"minecraft:walk_one_cm":105294,"minecraft:mob_kills":12,"minecraft:drop":2,"minecraft:damage_dealt":1240,"minecraft:interact_with_crafting_table":8,"minecraft:fly_one_cm":10306,"minecraft:crouch_one_cm":809,"minecraft:play_time":26509,"minecraft:deaths":1,"minecraft:sneak_time":181,"minecraft:walk_under_water_one_cm":37,"minecraft:jump":204,"minecraft:walk_on_water_one_cm":476,"minecraft:time_since_death":14035,"minecraft:total_world_time":26509,"minecraft:fall_one_cm":2656},"minecraft:killed_by":{"minecraft:zombie_villager":1},"minecraft:crafted":{"minecraft:wooden_shovel":1,"minecraft:stone_shovel":2,"minecraft:crafting_table":3,"minecraft:spruce_planks":116,"minecraft:stick":20,"minecraft:wooden_pickaxe":1,"minecraft:stone_pickaxe":1,"minecraft:wooden_axe":1,"minecraft:stone_sword":1,"minecraft:furnace":1,"minecraft:acacia_planks":288,"minecraft:stone_axe":3},"minecraft:picked_up":{"minecraft:wooden_axe":1,"minecraft:stick":3,"minecraft:raw_iron":2,"minecraft:cooked_porkchop":1,"minecraft:brown_wool":1,"minecraft:acacia_log":100,"minecraft:gravel":32,"minecraft:porkchop":10,"minecraft:stripped_spruce_log":46,"minecraft:dirt":44,"minecraft:cornflower":4,"minecraft:raw_copper":68,"minecraft:stripped_acacia_log":1,"minecraft:stone_sword":1,"minecraft:acacia_planks":32,"minecraft:wheat_seeds":1,"minecraft:spruce_planks":164,"minecraft:stone_pickaxe":1,"minecraft:wooden_shovel":1,"minecraft:light_gray_wool":1,"minecraft:mutton":9,"minecraft:coal":9,"minecraft:acacia_sapling":1,"minecraft:snowball":4,"minecraft:white_wool":3,"minecraft:cobblestone":88},"minecraft:killed":{"minecraft:sheep":5,"minecraft:pig":6,"minecraft:spider":1},"minecraft:dropped":{"minecraft:wooden_axe":1,"minecraft:wooden_shovel":1},"minecraft:mined":{"minecraft:spruce_planks":23,"minecraft:acacia_leaves":6,"minecraft:nether_sprouts":1,"minecraft:iron_ore":1,"minecraft:snow":2,"minecraft:stripped_spruce_log":44,"minecraft:cornflower":3,"minecraft:grass":9,"minecraft:acacia_log":101,"minecraft:grass_block":44,"minecraft:coal_ore":9,"minecraft:stripped_acacia_log":1,"minecraft:tall_grass":3,"minecraft:copper_ore":10,"minecraft:stone":52,"minecraft:fern":1},"minecraft:broken":{"minecraft:stone_axe":1}},"DataVersion":3465}