{"stats":{"minecraft:used":{"minecraft:stone_sword":82,"minecraft:stone_shovel":773,"minecraft:ladder":6,"minecraft:chest":4,"minecraft:spruce_planks":23,"minecraft:iron_sword":1,"minecraft:wooden_shovel":2,"minecraft:orange_bed":1,"minecraft:torch":73,"minecraft:dirt":112,"minecraft:stone_stairs":13,"minecraft:acacia_button":2,"minecraft:glass":25,"minecraft:stone_brick_slab":162,"minecraft:wooden_axe":9,"minecraft:spruce_button":2,"minecraft:acacia_slab":270,"minecraft:light_blue_bed":1,"minecraft:stone_brick_stairs":8,"minecraft:stone_bricks":28,"minecraft:bow":9,"minecraft:furnace":8,"minecraft:acacia_planks":451,"minecraft:cooked_mutton":9,"minecraft:water_bucket":1,"minecraft:cobblestone_stairs":34,"minecraft:stone_pickaxe":744,"minecraft:wooden_pickaxe":28,"minecraft:blue_bed":2,"minecraft:crafting_table":5,"minecraft:stone_brick_wall":60,"minecraft:iron_pickaxe":43,"minecraft:stone_slab":1,"minecraft:iron_door":2,"minecraft:gravel":8,"minecraft:stone_axe":469,"minecraft:cobblestone":3,"minecraft:cooked_porkchop":11,"minecraft:bucket":1},"minecraft:custom":{"minecraft:mob_kills":17,"minecraft:interact_with_crafting_table":82,"minecraft:leave_game":2,"minecraft:time_since_death":106166,"minecraft:climb_one_cm":12372,"minecraft:sprint_one_cm":488501,"minecraft:walk_one_cm":703620,"minecraft:drop":6,"minecraft:play_time":197740,"minecraft:deaths":2,"minecraft:sneak_time":5270,"minecraft:walk_under_water_one_cm":13667,"minecraft:jump":1090,"minecraft:walk_on_water_one_cm":32134,"minecraft:total_world_time":197740,"minecraft:interact_with_furnace":56,"minecraft:sleep_in_bed":1,"minecraft:time_since_rest":98084,"minecraft:damage_taken":1686,"minecraft:damage_dealt":2550,"minecraft:player_kills":1,"minecraft:fly_one_cm":49122,"minecraft:open_chest":107,"minecraft:crouch_one_cm":18970,"minecraft:fall_one_cm":11849},"minecraft:killed_by":{"minecraft:zombie_villager":1,"minecraft:skeleton":1},"minecraft:crafted":{"minecraft:stone_shovel":6,"minecraft:stone_brick_wall":54,"minecraft:furnace":4,"minecraft:stone":169,"minecraft:cobblestone_stairs":32,"minecraft:cooked_mutton":9,"minecraft:stone_stairs":12,"minecraft:glass":25,"minecraft:stone_brick_slab":180,"minecraft:bow":2,"minecraft:iron_boots":1,"minecraft:ladder":9,"minecraft:stone_pickaxe":6,"minecraft:chest":4,"minecraft:stone_bricks":188,"minecraft:wooden_shovel":1,"minecraft:arrow":18,"minecraft:cooked_porkchop":10,"minecraft:crafting_table":5,"minecraft:spruce_planks":116,"minecraft:acacia_slab":372,"minecraft:iron_helmet":1,"minecraft:wooden_pickaxe":1,"minecraft:iron_sword":1,"minecraft:light_blue_wool":3,"minecraft:blue_bed":1,"minecraft:bucket":1,"minecraft:acacia_button":62,"minecraft:stone_axe":5,"minecraft:orange_dye":1,"minecraft:air":0,"minecraft:blue_dye":3,"minecraft:stone_brick_stairs":8,"minecraft:iron_chestplate":1,"minecraft:charcoal":53,"minecraft:stick":132,"minecraft:light_blue_dye":8,"minecraft:iron_ingot":45,"minecraft:iron_pickaxe":1,"minecraft:wooden_axe":3,"minecraft:stone_sword":1,"minecraft:light_blue_bed":1,"minecraft:blue_wool":3,"minecraft:iron_leggings":1,"minecraft:acacia_planks":1168,"minecraft:orange_bed":1,"minecraft:torch":196,"minecraft:shears":1},"minecraft:picked_up":{"minecraft:wooden_axe":1,"minecraft:charcoal":5,"minecraft:ladder":6,"minecraft:clay_ball":8,"minecraft:stone_slab":15,"minecraft:stone_brick_wall":6,"minecraft:cornflower":12,"minecraft:string":12,"minecraft:stone_stairs":1,"minecraft:raw_copper":109,"biomemakeover:cladded_chestplate":1,"minecraft:cobbled_deepslate":16,"minecraft:spruce_planks":164,"minecraft:wooden_shovel":1,"minecraft:iron_pickaxe":1,"minecraft:light_gray_wool":1,"minecraft:chest":1,"minecraft:iron_boots":1,"minecraft:raw_copper_block":1,"minecraft:furnace":4,"minecraft:stick":4,"minecraft:raw_iron":80,"minecraft:stone":40,"minecraft:torch":51,"minecraft:acacia_log":292,"minecraft:porkchop":10,"minecraft:stone_sword":2,"minecraft:rotten_flesh":6,"minecraft:stone_shovel":1,"minecraft:mutton":9,"minecraft:snowball":28,"minecraft:white_wool":5,"minecraft:cobblestone":655,"minecraft:feather":6,"minecraft:iron_door":1,"minecraft:water_bucket":1,"minecraft:brown_wool":1,"minecraft:flint":5,"minecraft:gunpowder":3,"minecraft:cobblestone_stairs":2,"minecraft:blue_bed":1,"minecraft:dirt":717,"minecraft:acacia_planks":70,"minecraft:stone_bricks":1,"minecraft:bow":1,"minecraft:wheat_seeds":22,"minecraft:orange_tulip":1,"minecraft:raw_gold":10,"minecraft:stone_pickaxe":3,"minecraft:acacia_sapling":1,"minecraft:cooked_porkchop":2,"minecraft:stone_brick_slab":4,"minecraft:gravel":120,"minecraft:sand":25,"minecraft:stripped_spruce_log":76,"minecraft:white_bed":1,"minecraft:spider_eye":1,"minecraft:mossy_cobblestone":7,"minecraft:stripped_acacia_log":2,"minecraft:granite":3,"minecraft:spruce_button":2,"minecraft:acacia_slab":28,"minecraft:coal":90},"minecraft:killed":{"minecraft:spider":2,"minecraft:pig":6,"minecraft:creeper":2,"minecraft:sheep":5,"minecraft:zombie":2,"minecraft:player":1},"minecraft:dropped":{"minecraft:wooden_axe":1,"minecraft:iron_boots":1,"minecraft:shears":1,"minecraft:wooden_shovel":1,"minecraft:bow":2},"minecraft:mined":{"minecraft:spruce_planks":23,"minecraft:white_bed":1,"minecraft:mossy_cobblestone":7,"minecraft:cobblestone_stairs":3,"minecraft:granite":7,"minecraft:ladder":2,"minecraft:acacia_log":299,"minecraft:stone_brick_wall":6,"minecraft:grass_block":492,"minecraft:acacia_slab":26,"minecraft:large_fern":3,"minecraft:furnace":4,"minecraft:nether_sprouts":1,"minecraft:iron_ore":46,"minecraft:snow":2,"minecraft:stripped_spruce_log":75,"minecraft:vine":4,"minecraft:stripped_acacia_log":2,"minecraft:stone":591,"minecraft:acacia_leaves":6,"minecraft:stone_brick_slab":2,"minecraft:clay":4,"minecraft:cornflower":12,"minecraft:torch":11,"minecraft:spruce_button":1,"minecraft:chest":1,"minecraft:stone_slab":17,"minecraft:cobblestone":7,"minecraft:copper_ore":22,"minecraft:tall_grass":5,"minecraft:iron_door":1,"minecraft:blue_bed":1,"minecraft:wall_torch":6,"minecraft:stone_stairs":1,"minecraft:orange_tulip":2,"minecraft:grass":34,"minecraft:coal_ore":69,"minecraft:gravel":64,"minecraft:sand":30,"minecraft:dirt":190,"minecraft:cobweb":6,"minecraft:acacia_planks":45,"minecraft:raw_copper_block":1,"minecraft:stone_bricks":1,"minecraft:gold_ore":5,"minecraft:deepslate":8,"minecraft:fern":5},"minecraft:broken":{"minecraft:stone_pickaxe":5,"minecraft:stone_axe":3,"minecraft:stone_shovel":4}},"DataVersion":3465}