{"stats":{"minecraft:used":{"minecraft:stone_sword":26,"minecraft:iron_shovel":82,"minecraft:stone_shovel":171,"minecraft:ladder":1,"minecraft:chest":25,"minecraft:iron_sword":17,"minecraft:stone_hoe":535,"minecraft:cooked_chicken":1,"minecraft:torch":215,"minecraft:dirt":297,"minecraft:spyglass":4,"minecraft:snowball":3,"minecraft:iron_hoe":63,"minecraft:bow":9,"minecraft:oak_sapling":1,"minecraft:egg":3,"minecraft:acacia_planks":77,"minecraft:cobbled_deepslate":24,"minecraft:wheat_seeds":299,"minecraft:water_bucket":9,"minecraft:cobblestone_stairs":1,"minecraft:stone_pickaxe":614,"minecraft:oak_planks":4,"minecraft:crafting_table":2,"minecraft:black_bed":2,"minecraft:bread":15,"minecraft:stone_slab":3,"minecraft:gravel":3,"minecraft:stone_axe":9,"minecraft:cobblestone":176,"minecraft:acacia_pressure_plate":1,"minecraft:bucket":10,"minecraft:bone_meal":3},"minecraft:custom":{"minecraft:mob_kills":15,"minecraft:interact_with_crafting_table":47,"minecraft:leave_game":2,"minecraft:time_since_death":107753,"minecraft:climb_one_cm":7780,"minecraft:sprint_one_cm":260442,"minecraft:walk_one_cm":762964,"minecraft:drop":17,"minecraft:play_time":191858,"minecraft:deaths":4,"minecraft:sneak_time":2280,"minecraft:walk_under_water_one_cm":51319,"minecraft:jump":1688,"minecraft:interact_with_blast_furnace":39,"minecraft:walk_on_water_one_cm":40047,"minecraft:total_world_time":191858,"minecraft:interact_with_furnace":17,"minecraft:interact_with_grindstone":3,"minecraft:interact_with_stonecutter":6,"minecraft:sleep_in_bed":3,"minecraft:time_since_rest":12566,"minecraft:damage_taken":1604,"minecraft:damage_dealt":1864,"minecraft:swim_one_cm":1870,"minecraft:fly_one_cm":260288,"minecraft:open_chest":175,"minecraft:crouch_one_cm":5768,"minecraft:interact_with_smoker":4,"minecraft:fall_one_cm":24309,"minecraft:use_cauldron":1},"minecraft:killed_by":{"minecraft:player":1,"minecraft:enderman":1,"minecraft:zombie":1},"minecraft:crafted":{"minecraft:oak_planks":4,"minecraft:stone_shovel":2,"minecraft:acacia_pressure_plate":1,"minecraft:cooked_chicken":1,"minecraft:stone":2,"minecraft:cobblestone_stairs":1,"minecraft:bone_meal":3,"minecraft:iron_hoe":1,"minecraft:stone_pickaxe":5,"minecraft:chest":15,"minecraft:stone_hoe":3,"minecraft:crafting_table":2,"minecraft:iron_helmet":1,"minecraft:iron_sword":1,"minecraft:copper_ingot":47,"minecraft:stone_axe":1,"minecraft:bread":33,"minecraft:air":0,"minecraft:iron_chestplate":1,"minecraft:shield":1,"minecraft:stick":52,"minecraft:iron_ingot":39,"minecraft:iron_pickaxe":1,"minecraft:iron_shovel":1,"minecraft:iron_leggings":1,"minecraft:black_bed":1,"minecraft:acacia_planks":28,"minecraft:torch":32},"minecraft:picked_up":{"minecraft:wheat":103,"minecraft:chicken":1,"minecraft:ladder":1,"minecraft:stone_slab":3,"minecraft:acacia_button":1,"minecraft:shield":1,"minecraft:string":9,"minecraft:raw_copper":66,"minecraft:cobbled_deepslate":176,"minecraft:chest":10,"minecraft:iron_boots":4,"minecraft:egg":3,"minecraft:raw_iron":24,"minecraft:stick":13,"minecraft:deepslate_brick_wall":1,"minecraft:torch":212,"minecraft:acacia_log":14,"minecraft:rotten_flesh":8,"minecraft:stone_sword":3,"minecraft:arrow":4,"minecraft:stone_shovel":1,"minecraft:shears":1,"minecraft:snowball":84,"minecraft:white_wool":5,"minecraft:cobblestone":263,"minecraft:feather":2,"minecraft:glow_ink_sac":10,"minecraft:water_bucket":1,"minecraft:black_bed":1,"minecraft:flint":5,"minecraft:oak_log":1,"minecraft:lapis_lazuli":16,"minecraft:dirt":265,"minecraft:bone":2,"minecraft:acacia_planks":19,"minecraft:bow":4,"minecraft:wheat_seeds":368,"minecraft:stone_pickaxe":5,"minecraft:iron_ingot":1,"minecraft:cooked_chicken":1,"minecraft:stone_hoe":2,"minecraft:spyglass":1,"minecraft:gravel":56,"minecraft:spider_eye":2,"minecraft:mossy_cobblestone":4,"minecraft:diamond":7,"minecraft:bread":4,"minecraft:oak_sapling":1,"minecraft:coal":30,"minecraft:black_wool":3},"minecraft:killed":{"minecraft:spider":5,"minecraft:skeleton":2,"minecraft:chicken":1,"minecraft:creeper":2,"minecraft:zombie":4,"minecraft:glow_squid":1},"minecraft:mined":{"minecraft:farmland":1,"minecraft:mossy_cobblestone":4,"minecraft:glow_lichen":1,"minecraft:acacia_log":14,"minecraft:grass_block":193,"minecraft:large_fern":8,"minecraft:iron_ore":9,"minecraft:deepslate_iron_ore":15,"minecraft:small_amethyst_bud":1,"minecraft:stone":218,"minecraft:acacia_leaves":2,"minecraft:torch":3,"minecraft:chest":8,"minecraft:stone_slab":3,"minecraft:copper_ore":19,"minecraft:tall_grass":42,"minecraft:cobblestone":13,"minecraft:lapis_ore":2,"minecraft:wall_torch":1,"minecraft:wheat":106,"minecraft:black_bed":1,"minecraft:grass":427,"minecraft:coal_ore":17,"minecraft:oak_log":1,"minecraft:gravel":62,"minecraft:dirt":38,"minecraft:cobweb":2,"minecraft:acacia_planks":1,"minecraft:oak_leaves":5,"minecraft:deepslate":178,"minecraft:fern":56},"minecraft:dropped":{"minecraft:bread":5,"minecraft:deepslate_brick_wall":2,"minecraft:cobblestone":1,"minecraft:copper_ingot":1,"minecraft:snowball":17,"minecraft:spyglass":1,"minecraft:cobblestone_wall":1,"minecraft:raw_copper":17,"minecraft:stone_slab":1,"minecraft:acacia_button":2},"minecraft:broken":{"minecraft:stone_hoe":3,"minecraft:stone_pickaxe":4,"minecraft:stone_shovel":1}},"DataVersion":3465}