{"stats":{"minecraft:dropped":{"minecraft:bread":5,"minecraft:wheat_seeds":184,"minecraft:deepslate_brick_wall":2,"scout:tanned_leather":3,"minecraft:oak_fence":6,"minecraft:cobblestone":390,"minecraft:copper_ingot":1,"minecraft:spruce_door":1,"minecraft:torch":2,"minecraft:snowball":21,"minecraft:chain":1,"minecraft:wooden_sword":1,"minecraft:iron_pickaxe":1,"minecraft:iron_shovel":1,"minecraft:stone_axe":1,"minecraft:spyglass":1,"minecraft:cobblestone_wall":1,"minecraft:raw_copper":17,"minecraft:stone_shovel":1,"minecraft:rotten_flesh":3,"minecraft:stone_slab":1,"minecraft:acacia_button":2,"minecraft:ladder":1,"minecraft:stone_pickaxe":1},"minecraft:mined":{"minecraft:tuff":2,"minecraft:spruce_planks":8,"minecraft:farmland":1,"minecraft:mossy_cobblestone":4,"minecraft:glow_lichen":1,"minecraft:acacia_log":14,"minecraft:grass_block":315,"minecraft:spruce_leaves":92,"minecraft:spawner":1,"minecraft:large_fern":9,"minecraft:iron_ore":48,"minecraft:snow":1,"minecraft:deepslate_lapis_ore":8,"minecraft:vine":10,"minecraft:deepslate_iron_ore":31,"minecraft:small_amethyst_bud":1,"minecraft:stone":420,"minecraft:deepslate_redstone_ore":5,"minecraft:acacia_leaves":2,"minecraft:amethyst_cluster":23,"minecraft:spruce_door":1,"minecraft:oak_fence":4,"minecraft:torch":6,"minecraft:chest":8,"minecraft:stone_slab":3,"minecraft:copper_ore":19,"minecraft:tall_grass":56,"minecraft:cobblestone":282,"minecraft:deepslate_gold_ore":7,"minecraft:lapis_ore":17,"minecraft:sugar_cane":170,"minecraft:oak_planks":3,"minecraft:wall_torch":7,"minecraft:amethyst_block":1,"minecraft:wheat":760,"minecraft:spruce_log":67,"minecraft:black_bed":1,"minecraft:orange_tulip":1,"minecraft:smooth_stone_slab":1,"minecraft:grass":444,"minecraft:oak_log":1,"minecraft:coal_ore":168,"minecraft:gravel":169,"minecraft:dirt":42,"minecraft:cobweb":44,"minecraft:acacia_planks":1,"minecraft:gold_ore":3,"minecraft:fern":58,"minecraft:oak_leaves":5,"minecraft:deepslate":219,"minecraft:infested_stone":1},"minecraft:broken":{"minecraft:iron_shovel":1,"minecraft:stone_hoe":3,"minecraft:stone_pickaxe":5,"minecraft:iron_pickaxe":1,"minecraft:stone_shovel":1},"minecraft:picked_up":{"minecraft:wheat":741,"minecraft:ladder":2,"minecraft:chicken":1,"minecraft:stone_slab":3,"minecraft:acacia_button":1,"minecraft:shield":1,"minecraft:amethyst_block":1,"minecraft:string":59,"minecraft:raw_copper":66,"minecraft:smooth_stone_slab":1,"minecraft:iron_shovel":1,"minecraft:cobbled_deepslate":220,"minecraft:spruce_planks":8,"minecraft:iron_pickaxe":1,"minecraft:sugar_cane":227,"minecraft:chest":10,"minecraft:iron_boots":4,"minecraft:egg":3,"minecraft:golden_helmet":1,"minecraft:stick":15,"minecraft:raw_iron":79,"minecraft:deepslate_brick_wall":1,"minecraft:oak_fence":6,"minecraft:torch":230,"minecraft:acacia_log":14,"minecraft:redstone":22,"minecraft:stone_sword":3,"minecraft:arrow":13,"minecraft:rotten_flesh":21,"minecraft:stone_shovel":1,"minecraft:shears":1,"minecraft:snowball":85,"minecraft:white_wool":5,"minecraft:cobblestone":709,"minecraft:feather":2,"minecraft:glow_ink_sac":12,"minecraft:water_bucket":1,"minecraft:black_bed":1,"minecraft:flint":14,"minecraft:tuff":2,"minecraft:oak_log":1,"minecraft:gunpowder":8,"minecraft:lapis_lazuli":177,"minecraft:dirt":379,"minecraft:bone":12,"minecraft:acacia_planks":19,"minecraft:bow":4,"minecraft:wheat_seeds":2255,"minecraft:orange_tulip":2,"minecraft:raw_gold":10,"minecraft:iron_ingot":1,"minecraft:stone_pickaxe":6,"minecraft:cooked_chicken":1,"minecraft:stone_hoe":2,"minecraft:oak_planks":4,"minecraft:book":15,"minecraft:spyglass":1,"minecraft:gravel":153,"minecraft:amethyst_shard":92,"minecraft:spruce_sapling":14,"minecraft:ink_sac":1,"minecraft:spruce_log":67,"minecraft:spruce_door":3,"minecraft:spider_eye":6,"minecraft:mossy_cobblestone":4,"scout:tanned_leather":3,"minecraft:diamond":7,"minecraft:bone_meal":35,"minecraft:bread":4,"minecraft:oak_sapling":1,"minecraft:black_wool":3,"minecraft:coal":180},"minecraft:killed":{"minecraft:cave_spider":2,"minecraft:spider":12,"minecraft:skeleton":10,"minecraft:chicken":1,"minecraft:silverfish":1,"minecraft:creeper":7,"minecraft:squid":1,"minecraft:zombie":16,"minecraft:glow_squid":1},"minecraft:custom":{"minecraft:interact_with_anvil":1,"minecraft:mob_kills":53,"minecraft:animals_bred":27,"minecraft:interact_with_crafting_table":87,"minecraft:open_barrel":10,"minecraft:leave_game":3,"minecraft:time_since_death":300661,"minecraft:climb_one_cm":11628,"minecraft:sprint_one_cm":562475,"minecraft:walk_one_cm":1531585,"minecraft:damage_blocked_by_shield":450,"minecraft:drop":51,"minecraft:play_time":384766,"minecraft:sneak_time":3432,"minecraft:deaths":4,"minecraft:walk_under_water_one_cm":62683,"minecraft:jump":3933,"minecraft:interact_with_brewingstand":2,"minecraft:interact_with_blast_furnace":47,"minecraft:walk_on_water_one_cm":60131,"minecraft:total_world_time":384766,"minecraft:interact_with_furnace":19,"minecraft:interact_with_cartography_table":3,"minecraft:interact_with_stonecutter":7,"minecraft:interact_with_grindstone":4,"minecraft:sleep_in_bed":6,"minecraft:time_since_rest":44750,"minecraft:damage_taken":3719,"minecraft:damage_dealt":8913,"minecraft:swim_one_cm":2763,"minecraft:fly_one_cm":655228,"minecraft:open_chest":341,"minecraft:crouch_one_cm":11149,"minecraft:interact_with_smoker":8,"minecraft:use_cauldron":3,"minecraft:fall_one_cm":61725},"minecraft:crafted":{"minecraft:oak_planks":4,"minecraft:stone_shovel":2,"minecraft:acacia_pressure_plate":1,"minecraft:cooked_chicken":1,"minecraft:stone":2,"minecraft:cobblestone_stairs":1,"minecraft:bone_meal":24,"minecraft:bookshelf":5,"minecraft:spruce_pressure_plate":5,"minecraft:iron_axe":1,"minecraft:iron_hoe":1,"minecraft:stone_pickaxe":5,"minecraft:chest":15,"minecraft:stone_hoe":3,"minecraft:crafting_table":2,"minecraft:spruce_planks":184,"minecraft:iron_helmet":1,"minecraft:iron_sword":1,"minecraft:spruce_door":6,"minecraft:copper_ingot":47,"minecraft:stone_axe":1,"minecraft:bread":168,"minecraft:air":0,"minecraft:iron_chestplate":1,"minecraft:paper":138,"minecraft:shield":1,"minecraft:stick":136,"minecraft:iron_ingot":89,"minecraft:iron_pickaxe":2,"minecraft:iron_shovel":2,"minecraft:iron_leggings":1,"minecraft:black_bed":1,"minecraft:acacia_planks":28,"minecraft:torch":332},"minecraft:killed_by":{"minecraft:player":1,"minecraft:enderman":1,"minecraft:zombie":1},"minecraft:used":{"minecraft:stone_sword":26,"minecraft:iron_shovel":280,"minecraft:stone_shovel":171,"minecraft:ladder":1,"minecraft:shield":11,"minecraft:chest":25,"minecraft:spruce_planks":40,"minecraft:iron_sword":215,"minecraft:cooked_chicken":1,"minecraft:stone_hoe":535,"minecraft:torch":451,"minecraft:dirt":536,"minecraft:spyglass":4,"minecraft:snowball":4,"minecraft:iron_hoe":66,"minecraft:bookshelf":5,"minecraft:iron_axe":170,"minecraft:bow":9,"minecraft:oak_sapling":1,"minecraft:egg":3,"minecraft:acacia_planks":77,"minecraft:cobbled_deepslate":68,"minecraft:wheat_seeds":1637,"minecraft:water_bucket":15,"minecraft:cobblestone_stairs":1,"minecraft:spruce_door":7,"minecraft:stone_pickaxe":745,"minecraft:oak_planks":4,"minecraft:sugar_cane":126,"minecraft:crafting_table":2,"minecraft:black_bed":2,"minecraft:diamond_pickaxe":270,"minecraft:bread":66,"minecraft:iron_pickaxe":395,"minecraft:spruce_pressure_plate":5,"minecraft:stone_slab":3,"minecraft:spruce_sapling":14,"minecraft:gravel":3,"minecraft:stone_axe":16,"minecraft:cobblestone":257,"minecraft:acacia_pressure_plate":1,"minecraft:bucket":19,"minecraft:smooth_stone_slab":1,"minecraft:bone_meal":3}},"DataVersion":3465}