{"stats":{"minecraft:used":{"minecraft:wheat_seeds":195,"minecraft:water_bucket":7,"minecraft:stone_sword":26,"minecraft:cobblestone_stairs":1,"minecraft:stone_shovel":171,"minecraft:stone_pickaxe":614,"minecraft:ladder":1,"minecraft:chest":9,"minecraft:iron_sword":10,"minecraft:cooked_chicken":1,"minecraft:stone_hoe":404,"minecraft:torch":213,"minecraft:dirt":195,"minecraft:spyglass":4,"minecraft:crafting_table":1,"minecraft:black_bed":2,"minecraft:snowball":3,"minecraft:bread":10,"minecraft:stone_slab":3,"minecraft:gravel":3,"minecraft:stone_axe":1,"minecraft:bow":9,"minecraft:cobblestone":175,"minecraft:acacia_pressure_plate":1,"minecraft:oak_sapling":1,"minecraft:bucket":7,"minecraft:egg":3,"minecraft:acacia_planks":77,"minecraft:bone_meal":3},"minecraft:custom":{"minecraft:interact_with_furnace":17,"minecraft:mob_kills":13,"minecraft:interact_with_crafting_table":40,"minecraft:interact_with_stonecutter":6,"minecraft:interact_with_grindstone":3,"minecraft:leave_game":1,"minecraft:time_since_death":81915,"minecraft:sleep_in_bed":2,"minecraft:climb_one_cm":7458,"minecraft:time_since_rest":81973,"minecraft:sprint_one_cm":218141,"minecraft:damage_taken":1554,"minecraft:walk_one_cm":613770,"minecraft:drop":7,"minecraft:damage_dealt":1504,"minecraft:swim_one_cm":1870,"minecraft:fly_one_cm":189817,"minecraft:open_chest":142,"minecraft:crouch_one_cm":5089,"minecraft:play_time":166020,"minecraft:deaths":4,"minecraft:sneak_time":1996,"minecraft:walk_under_water_one_cm":51319,"minecraft:jump":1392,"minecraft:interact_with_blast_furnace":25,"minecraft:walk_on_water_one_cm":39997,"minecraft:interact_with_smoker":4,"minecraft:total_world_time":166020,"minecraft:fall_one_cm":19502},"minecraft:killed_by":{"minecraft:player":1,"minecraft:zombie":1,"minecraft:enderman":1},"minecraft:crafted":{"minecraft:oak_planks":4,"minecraft:stone_shovel":2,"minecraft:acacia_pressure_plate":1,"minecraft:crafting_table":1,"minecraft:iron_helmet":1,"minecraft:cooked_chicken":1,"minecraft:iron_sword":1,"minecraft:copper_ingot":34,"minecraft:cobblestone_stairs":1,"minecraft:stone":2,"minecraft:bone_meal":3,"minecraft:stone_axe":1,"minecraft:bread":24,"minecraft:air":0,"minecraft:iron_chestplate":1,"minecraft:shield":1,"minecraft:stick":52,"minecraft:iron_pickaxe":1,"minecraft:iron_ingot":24,"minecraft:stone_pickaxe":5,"minecraft:chest":9,"minecraft:iron_leggings":1,"minecraft:black_bed":1,"minecraft:acacia_planks":28,"minecraft:torch":32,"minecraft:stone_hoe":3},"minecraft:picked_up":{"minecraft:wheat":83,"minecraft:feather":2,"minecraft:chicken":1,"minecraft:ladder":1,"minecraft:glow_ink_sac":10,"minecraft:water_bucket":1,"minecraft:black_bed":1,"minecraft:stone_slab":3,"minecraft:flint":5,"minecraft:oak_log":1,"minecraft:shield":1,"minecraft:string":9,"minecraft:lapis_lazuli":16,"minecraft:dirt":182,"minecraft:raw_copper":66,"minecraft:bone":2,"minecraft:cobbled_deepslate":176,"minecraft:acacia_planks":19,"minecraft:bow":4,"minecraft:wheat_seeds":310,"minecraft:cooked_chicken":1,"minecraft:iron_ingot":1,"minecraft:stone_pickaxe":5,"minecraft:stone_hoe":2,"minecraft:iron_boots":4,"minecraft:egg":3,"minecraft:stick":13,"minecraft:raw_iron":24,"minecraft:torch":212,"minecraft:acacia_log":14,"minecraft:spyglass":1,"minecraft:gravel":56,"minecraft:spider_eye":2,"minecraft:mossy_cobblestone":4,"minecraft:diamond":7,"minecraft:stone_sword":3,"minecraft:arrow":4,"minecraft:stone_shovel":1,"minecraft:rotten_flesh":6,"minecraft:shears":1,"minecraft:bread":4,"minecraft:oak_sapling":1,"minecraft:black_wool":3,"minecraft:coal":30,"minecraft:snowball":70,"minecraft:white_wool":5,"minecraft:cobblestone":262},"minecraft:killed":{"minecraft:spider":4,"minecraft:creeper":2,"minecraft:skeleton":2,"minecraft:zombie":3,"minecraft:chicken":1,"minecraft:glow_squid":1},"minecraft:mined":{"minecraft:acacia_leaves":2,"minecraft:farmland":1,"minecraft:mossy_cobblestone":4,"minecraft:torch":3,"minecraft:glow_lichen":1,"minecraft:acacia_log":14,"minecraft:grass_block":146,"minecraft:stone_slab":3,"minecraft:cobblestone":13,"minecraft:tall_grass":42,"minecraft:copper_ore":19,"minecraft:lapis_ore":2,"minecraft:wall_torch":1,"minecraft:large_fern":7,"minecraft:iron_ore":9,"minecraft:wheat":86,"minecraft:black_bed":1,"minecraft:oak_log":1,"minecraft:grass":427,"minecraft:deepslate_iron_ore":15,"minecraft:coal_ore":17,"minecraft:small_amethyst_bud":1,"minecraft:gravel":62,"minecraft:dirt":2,"minecraft:cobweb":2,"minecraft:acacia_planks":1,"minecraft:stone":218,"minecraft:oak_leaves":5,"minecraft:deepslate":178,"minecraft:fern":56},"minecraft:dropped":{"minecraft:bread":1,"minecraft:cobblestone_wall":1,"minecraft:raw_copper":17,"minecraft:cobblestone":1,"minecraft:stone_slab":1,"minecraft:copper_ingot":1,"minecraft:snowball":3},"minecraft:broken":{"minecraft:stone_pickaxe":4,"minecraft:stone_shovel":1,"minecraft:stone_hoe":2}},"DataVersion":3465}