{"stats":{"minecraft:custom":{"minecraft:time_since_rest":13603,"minecraft:open_chest":7,"minecraft:crouch_one_cm":66,"minecraft:play_time":13603,"minecraft:interact_with_furnace":2,"minecraft:sprint_one_cm":25877,"minecraft:damage_taken":100,"minecraft:walk_one_cm":53023,"minecraft:sneak_time":31,"minecraft:walk_under_water_one_cm":4192,"minecraft:jump":156,"minecraft:damage_dealt":6,"minecraft:time_since_death":13603,"minecraft:walk_on_water_one_cm":6636,"minecraft:total_world_time":13603,"minecraft:climb_one_cm":526,"minecraft:fly_one_cm":33846,"minecraft:interact_with_crafting_table":1,"minecraft:fall_one_cm":2610},"minecraft:picked_up":{"minecraft:stone_sword":1,"minecraft:bow":1,"minecraft:acacia_log":1,"minecraft:stone_pickaxe":1,"minecraft:snowball":17,"minecraft:iron_boots":1},"minecraft:mined":{"minecraft:grass":1,"minecraft:acacia_log":1,"minecraft:small_amethyst_bud":1,"minecraft:glow_lichen":1}},"DataVersion":3465}