{"stats":{"minecraft:used":{"minecraft:wheat_seeds":126,"minecraft:water_bucket":2,"minecraft:stone_sword":18,"minecraft:cobblestone_stairs":1,"minecraft:stone_shovel":132,"minecraft:stone_pickaxe":272,"minecraft:chest":9,"minecraft:cooked_chicken":1,"minecraft:stone_hoe":354,"minecraft:torch":135,"minecraft:dirt":139,"minecraft:spyglass":4,"minecraft:crafting_table":1,"minecraft:black_bed":2,"minecraft:snowball":3,"minecraft:bread":1,"minecraft:stone_slab":3,"minecraft:gravel":3,"minecraft:cobblestone":45,"minecraft:acacia_pressure_plate":1,"minecraft:bucket":2,"minecraft:egg":3,"minecraft:bone_meal":3},"minecraft:custom":{"minecraft:interact_with_furnace":14,"minecraft:mob_kills":6,"minecraft:interact_with_crafting_table":20,"minecraft:interact_with_stonecutter":5,"minecraft:interact_with_grindstone":2,"minecraft:leave_game":1,"minecraft:time_since_death":9915,"minecraft:sleep_in_bed":2,"minecraft:climb_one_cm":5354,"minecraft:time_since_rest":9973,"minecraft:sprint_one_cm":171665,"minecraft:damage_taken":1098,"minecraft:walk_one_cm":430783,"minecraft:drop":5,"minecraft:damage_dealt":995,"minecraft:fly_one_cm":112743,"minecraft:open_chest":83,"minecraft:crouch_one_cm":1338,"minecraft:play_time":94020,"minecraft:deaths":4,"minecraft:sneak_time":560,"minecraft:walk_under_water_one_cm":22270,"minecraft:jump":708,"minecraft:walk_on_water_one_cm":22955,"minecraft:interact_with_smoker":2,"minecraft:total_world_time":94020,"minecraft:fall_one_cm":8988},"minecraft:killed_by":{"minecraft:player":1,"minecraft:zombie":1,"minecraft:enderman":1},"minecraft:crafted":{"minecraft:stone_shovel":1,"minecraft:acacia_pressure_plate":1,"minecraft:crafting_table":1,"minecraft:cooked_chicken":1,"minecraft:copper_ingot":2,"minecraft:cobblestone_stairs":1,"minecraft:stone":2,"minecraft:bone_meal":3,"minecraft:bread":3,"minecraft:air":0,"minecraft:shield":1,"minecraft:stick":12,"minecraft:iron_ingot":1,"minecraft:stone_pickaxe":2,"minecraft:chest":9,"minecraft:black_bed":1,"minecraft:acacia_planks":28,"minecraft:torch":16,"minecraft:stone_hoe":2},"minecraft:picked_up":{"minecraft:wheat":22,"minecraft:feather":2,"minecraft:chicken":1,"minecraft:ladder":1,"minecraft:water_bucket":1,"minecraft:black_bed":1,"minecraft:stone_slab":3,"minecraft:flint":5,"minecraft:shield":1,"minecraft:string":3,"minecraft:lapis_lazuli":16,"minecraft:dirt":108,"minecraft:raw_copper":34,"minecraft:bone":2,"minecraft:acacia_planks":18,"minecraft:bow":4,"minecraft:wheat_seeds":131,"minecraft:cooked_chicken":1,"minecraft:iron_ingot":1,"minecraft:stone_pickaxe":5,"minecraft:stone_hoe":2,"minecraft:iron_boots":4,"minecraft:egg":3,"minecraft:stick":13,"minecraft:raw_iron":1,"minecraft:torch":178,"minecraft:acacia_log":14,"minecraft:spyglass":1,"minecraft:gravel":52,"minecraft:spider_eye":1,"minecraft:stone_sword":3,"minecraft:arrow":4,"minecraft:stone_shovel":1,"minecraft:rotten_flesh":4,"minecraft:shears":1,"minecraft:bread":3,"minecraft:black_wool":3,"minecraft:coal":30,"minecraft:snowball":56,"minecraft:white_wool":5,"minecraft:cobblestone":143},"minecraft:killed":{"minecraft:spider":1,"minecraft:skeleton":2,"minecraft:zombie":2,"minecraft:chicken":1},"minecraft:dropped":{"minecraft:cobblestone_wall":1,"minecraft:raw_copper":17,"minecraft:cobblestone":1,"minecraft:copper_ingot":1,"minecraft:snowball":3},"minecraft:mined":{"minecraft:acacia_leaves":2,"minecraft:farmland":1,"minecraft:torch":3,"minecraft:glow_lichen":1,"minecraft:acacia_log":14,"minecraft:grass_block":107,"minecraft:stone_slab":3,"minecraft:cobblestone":5,"minecraft:tall_grass":42,"minecraft:copper_ore":9,"minecraft:lapis_ore":2,"minecraft:wall_torch":1,"minecraft:large_fern":7,"minecraft:iron_ore":1,"minecraft:wheat":23,"minecraft:black_bed":1,"minecraft:grass":407,"minecraft:coal_ore":17,"minecraft:small_amethyst_bud":1,"minecraft:gravel":58,"minecraft:dirt":2,"minecraft:stone":106,"minecraft:fern":53},"minecraft:broken":{"minecraft:stone_pickaxe":1,"minecraft:stone_shovel":1,"minecraft:stone_hoe":2}},"DataVersion":3465}