{"stats":{"minecraft:used":{"minecraft:wheat_seeds":32,"minecraft:water_bucket":1,"minecraft:stone_sword":6,"minecraft:stone_shovel":49,"minecraft:stone_pickaxe":263,"minecraft:chest":1,"minecraft:gravel":3,"minecraft:stone_hoe":214,"minecraft:torch":134,"minecraft:cobblestone":41,"minecraft:dirt":19,"minecraft:crafting_table":1,"minecraft:acacia_pressure_plate":1,"minecraft:bucket":1,"minecraft:egg":3,"minecraft:bone_meal":3},"minecraft:custom":{"minecraft:time_since_rest":11235,"minecraft:interact_with_furnace":2,"minecraft:sprint_one_cm":106965,"minecraft:damage_taken":524,"minecraft:walk_one_cm":246888,"minecraft:mob_kills":2,"minecraft:damage_dealt":458,"minecraft:interact_with_crafting_table":7,"minecraft:fly_one_cm":66631,"minecraft:open_chest":38,"minecraft:crouch_one_cm":1338,"minecraft:play_time":53382,"minecraft:deaths":2,"minecraft:sneak_time":560,"minecraft:walk_under_water_one_cm":22270,"minecraft:jump":466,"minecraft:leave_game":1,"minecraft:walk_on_water_one_cm":22955,"minecraft:time_since_death":11193,"minecraft:climb_one_cm":1978,"minecraft:total_world_time":53382,"minecraft:fall_one_cm":6062},"minecraft:killed_by":{"minecraft:enderman":1},"minecraft:crafted":{"minecraft:stone_shovel":1,"minecraft:crafting_table":1,"minecraft:acacia_pressure_plate":1,"minecraft:stick":12,"minecraft:stone_pickaxe":2,"minecraft:chest":1,"minecraft:bone_meal":3,"minecraft:torch":16,"minecraft:stone_hoe":1},"minecraft:picked_up":{"minecraft:raw_iron":1,"minecraft:stick":11,"minecraft:wheat":1,"minecraft:water_bucket":1,"minecraft:torch":133,"minecraft:acacia_log":14,"minecraft:gravel":52,"minecraft:flint":5,"minecraft:lapis_lazuli":16,"minecraft:dirt":19,"minecraft:raw_copper":34,"minecraft:arrow":1,"minecraft:stone_sword":2,"minecraft:bone":1,"minecraft:rotten_flesh":2,"minecraft:bow":3,"minecraft:wheat_seeds":32,"minecraft:stone_pickaxe":3,"minecraft:coal":16,"minecraft:snowball":50,"minecraft:stone_hoe":1,"minecraft:cobblestone":100,"minecraft:iron_boots":2,"minecraft:egg":3},"minecraft:killed":{"minecraft:skeleton":1,"minecraft:zombie":1},"minecraft:mined":{"minecraft:large_fern":5,"minecraft:acacia_leaves":2,"minecraft:farmland":1,"minecraft:iron_ore":1,"minecraft:wheat":1,"minecraft:torch":3,"minecraft:glow_lichen":1,"minecraft:grass":189,"minecraft:coal_ore":17,"minecraft:acacia_log":14,"minecraft:grass_block":19,"minecraft:small_amethyst_bud":1,"minecraft:gravel":58,"minecraft:cobblestone":5,"minecraft:copper_ore":9,"minecraft:tall_grass":7,"minecraft:lapis_ore":2,"minecraft:stone":100,"minecraft:fern":25},"minecraft:broken":{"minecraft:stone_pickaxe":1,"minecraft:stone_hoe":1}},"DataVersion":3465}