{"stats":{"minecraft:used":{"minecraft:stone_hoe":40,"minecraft:stone_sword":3,"minecraft:bucket":1,"minecraft:egg":3,"minecraft:water_bucket":1},"minecraft:custom":{"minecraft:time_since_rest":8254,"minecraft:open_chest":23,"minecraft:deaths":1,"minecraft:crouch_one_cm":219,"minecraft:play_time":25603,"minecraft:interact_with_furnace":2,"minecraft:sprint_one_cm":86857,"minecraft:damage_taken":306,"minecraft:walk_one_cm":110619,"minecraft:sneak_time":46,"minecraft:walk_under_water_one_cm":8049,"minecraft:jump":320,"minecraft:damage_dealt":101,"minecraft:time_since_death":8156,"minecraft:walk_on_water_one_cm":9935,"minecraft:total_world_time":25603,"minecraft:climb_one_cm":526,"minecraft:fly_one_cm":62165,"minecraft:interact_with_crafting_table":2,"minecraft:fall_one_cm":5180},"minecraft:killed_by":{"minecraft:enderman":1},"minecraft:crafted":{"minecraft:stone_hoe":1,"minecraft:stick":12,"minecraft:stone_pickaxe":1},"minecraft:picked_up":{"minecraft:stick":9,"minecraft:stone_sword":2,"minecraft:water_bucket":1,"minecraft:bow":2,"minecraft:wheat_seeds":5,"minecraft:torch":3,"minecraft:acacia_log":1,"minecraft:stone_pickaxe":3,"minecraft:dirt":1,"minecraft:stone_hoe":1,"minecraft:snowball":39,"minecraft:iron_boots":2,"minecraft:egg":3},"minecraft:mined":{"minecraft:grass":36,"minecraft:acacia_log":1,"minecraft:small_amethyst_bud":1,"minecraft:fern":2,"minecraft:grass_block":1,"minecraft:glow_lichen":1}},"DataVersion":3465}