{"stats":{"minecraft:used":{"minecraft:wheat_seeds":85,"minecraft:water_bucket":1,"minecraft:stone_sword":11,"minecraft:cobblestone_stairs":1,"minecraft:stone_shovel":50,"minecraft:stone_pickaxe":272,"minecraft:chest":9,"minecraft:stone_hoe":214,"minecraft:torch":135,"minecraft:dirt":19,"minecraft:spyglass":4,"minecraft:crafting_table":1,"minecraft:black_bed":2,"minecraft:stone_slab":3,"minecraft:gravel":3,"minecraft:cobblestone":45,"minecraft:acacia_pressure_plate":1,"minecraft:bucket":1,"minecraft:egg":3,"minecraft:bone_meal":3},"minecraft:custom":{"minecraft:interact_with_furnace":13,"minecraft:mob_kills":4,"minecraft:interact_with_crafting_table":16,"minecraft:interact_with_stonecutter":5,"minecraft:interact_with_grindstone":2,"minecraft:leave_game":1,"minecraft:time_since_death":12773,"minecraft:sleep_in_bed":2,"minecraft:climb_one_cm":4978,"minecraft:time_since_rest":12807,"minecraft:sprint_one_cm":150252,"minecraft:damage_taken":760,"minecraft:walk_one_cm":341001,"minecraft:drop":4,"minecraft:damage_dealt":642,"minecraft:fly_one_cm":90315,"minecraft:open_chest":69,"minecraft:crouch_one_cm":1338,"minecraft:play_time":82020,"minecraft:deaths":3,"minecraft:sneak_time":560,"minecraft:walk_under_water_one_cm":22270,"minecraft:jump":608,"minecraft:walk_on_water_one_cm":22955,"minecraft:total_world_time":82020,"minecraft:fall_one_cm":7943},"minecraft:killed_by":{"minecraft:player":1,"minecraft:enderman":1},"minecraft:crafted":{"minecraft:stone_shovel":1,"minecraft:acacia_pressure_plate":1,"minecraft:crafting_table":1,"minecraft:cooked_chicken":1,"minecraft:copper_ingot":2,"minecraft:cobblestone_stairs":1,"minecraft:stone":2,"minecraft:bone_meal":3,"minecraft:air":0,"minecraft:stick":12,"minecraft:iron_ingot":1,"minecraft:stone_pickaxe":2,"minecraft:chest":9,"minecraft:black_bed":1,"minecraft:acacia_planks":28,"minecraft:torch":16,"minecraft:stone_hoe":1},"minecraft:picked_up":{"minecraft:wheat":10,"minecraft:feather":2,"minecraft:chicken":1,"minecraft:water_bucket":1,"minecraft:black_bed":1,"minecraft:stone_slab":3,"minecraft:flint":5,"minecraft:string":1,"minecraft:lapis_lazuli":16,"minecraft:dirt":19,"minecraft:raw_copper":34,"minecraft:bone":2,"minecraft:acacia_planks":1,"minecraft:bow":3,"minecraft:wheat_seeds":90,"minecraft:stone_pickaxe":3,"minecraft:stone_hoe":1,"minecraft:iron_boots":3,"minecraft:egg":3,"minecraft:stick":11,"minecraft:raw_iron":1,"minecraft:torch":134,"minecraft:acacia_log":14,"minecraft:spyglass":1,"minecraft:gravel":52,"minecraft:stone_sword":2,"minecraft:arrow":2,"minecraft:rotten_flesh":2,"minecraft:shears":1,"minecraft:black_wool":3,"minecraft:coal":16,"minecraft:snowball":50,"minecraft:white_wool":5,"minecraft:cobblestone":107},"minecraft:killed":{"minecraft:skeleton":2,"minecraft:zombie":1,"minecraft:chicken":1},"minecraft:dropped":{"minecraft:cobblestone_wall":1,"minecraft:raw_copper":17,"minecraft:cobblestone":1,"minecraft:copper_ingot":1},"minecraft:mined":{"minecraft:acacia_leaves":2,"minecraft:farmland":1,"minecraft:torch":3,"minecraft:glow_lichen":1,"minecraft:acacia_log":14,"minecraft:grass_block":19,"minecraft:stone_slab":3,"minecraft:cobblestone":5,"minecraft:tall_grass":42,"minecraft:copper_ore":9,"minecraft:lapis_ore":2,"minecraft:wall_torch":1,"minecraft:large_fern":7,"minecraft:iron_ore":1,"minecraft:wheat":10,"minecraft:black_bed":1,"minecraft:grass":375,"minecraft:coal_ore":17,"minecraft:small_amethyst_bud":1,"minecraft:gravel":58,"minecraft:stone":106,"minecraft:fern":48},"minecraft:broken":{"minecraft:stone_pickaxe":1,"minecraft:stone_hoe":1}},"DataVersion":3465}