{"stats":{"minecraft:used":{"minecraft:wheat_seeds":32,"minecraft:water_bucket":1,"minecraft:stone_sword":6,"minecraft:stone_pickaxe":174,"minecraft:chest":1,"minecraft:stone_hoe":214,"minecraft:torch":129,"minecraft:dirt":19,"minecraft:acacia_pressure_plate":1,"minecraft:bucket":1,"minecraft:egg":3,"minecraft:bone_meal":3},"minecraft:custom":{"minecraft:time_since_rest":1456,"minecraft:interact_with_furnace":2,"minecraft:sprint_one_cm":90630,"minecraft:damage_taken":524,"minecraft:walk_one_cm":233313,"minecraft:mob_kills":2,"minecraft:damage_dealt":418,"minecraft:interact_with_crafting_table":6,"minecraft:fly_one_cm":62784,"minecraft:open_chest":34,"minecraft:crouch_one_cm":321,"minecraft:play_time":43603,"minecraft:deaths":2,"minecraft:sneak_time":94,"minecraft:walk_under_water_one_cm":16184,"minecraft:jump":397,"minecraft:walk_on_water_one_cm":11850,"minecraft:time_since_death":1414,"minecraft:climb_one_cm":1978,"minecraft:total_world_time":43603,"minecraft:fall_one_cm":6062},"minecraft:killed_by":{"minecraft:enderman":1},"minecraft:crafted":{"minecraft:acacia_pressure_plate":1,"minecraft:stick":12,"minecraft:stone_pickaxe":1,"minecraft:chest":1,"minecraft:bone_meal":3,"minecraft:torch":16,"minecraft:stone_hoe":1},"minecraft:picked_up":{"minecraft:stick":11,"minecraft:wheat":1,"minecraft:water_bucket":1,"minecraft:torch":130,"minecraft:acacia_log":14,"minecraft:dirt":19,"minecraft:arrow":1,"minecraft:stone_sword":2,"minecraft:bone":1,"minecraft:rotten_flesh":2,"minecraft:bow":3,"minecraft:wheat_seeds":32,"minecraft:stone_pickaxe":3,"minecraft:snowball":50,"minecraft:stone_hoe":1,"minecraft:cobblestone":53,"minecraft:iron_boots":2,"minecraft:egg":3},"minecraft:killed":{"minecraft:skeleton":1,"minecraft:zombie":1},"minecraft:mined":{"minecraft:large_fern":5,"minecraft:acacia_leaves":2,"minecraft:farmland":1,"minecraft:wheat":1,"minecraft:glow_lichen":1,"minecraft:grass":189,"minecraft:acacia_log":14,"minecraft:grass_block":19,"minecraft:small_amethyst_bud":1,"minecraft:tall_grass":7,"minecraft:stone":53,"minecraft:fern":25},"minecraft:broken":{"minecraft:stone_hoe":1}},"DataVersion":3465}