{"stats":{"minecraft:used":{"minecraft:stone_sword":5,"minecraft:acacia_log":1,"minecraft:stone_pickaxe":94,"minecraft:oak_planks":7,"minecraft:spruce_planks":5,"minecraft:wooden_pickaxe":11,"minecraft:oak_door":4,"minecraft:torch":11,"minecraft:dirt":2,"minecraft:crafting_table":6,"minecraft:granite":7,"minecraft:stripped_spruce_log":1,"minecraft:lantern":1,"minecraft:gravel":6,"minecraft:stone_axe":21,"minecraft:wooden_sword":3,"minecraft:beef":1,"minecraft:cooked_porkchop":2,"minecraft:furnace":1,"minecraft:egg":1},"minecraft:custom":{"minecraft:interact_with_furnace":6,"minecraft:mob_kills":6,"minecraft:interact_with_crafting_table":20,"minecraft:leave_game":7,"minecraft:time_since_death":20090,"minecraft:climb_one_cm":3046,"minecraft:time_since_rest":20216,"minecraft:sprint_one_cm":131556,"minecraft:damage_taken":2175,"minecraft:walk_one_cm":239873,"minecraft:drop":28,"minecraft:damage_dealt":420,"minecraft:swim_one_cm":2807,"minecraft:fly_one_cm":247191,"minecraft:crouch_one_cm":1865,"minecraft:play_time":60654,"minecraft:deaths":7,"minecraft:sneak_time":1074,"minecraft:walk_under_water_one_cm":14070,"minecraft:jump":1124,"minecraft:walk_on_water_one_cm":3341,"minecraft:total_world_time":60654,"minecraft:fall_one_cm":29078},"minecraft:killed_by":{"minecraft:vindicator":1,"minecraft:zombie":1,"minecraft:pillager":1},"minecraft:crafted":{"minecraft:wooden_sword":1,"minecraft:oak_planks":24,"minecraft:cooked_porkchop":3,"minecraft:crafting_table":2,"minecraft:spruce_planks":52,"minecraft:cooked_chicken":3,"minecraft:wooden_pickaxe":2,"minecraft:furnace":1,"minecraft:stone_axe":1,"minecraft:air":0,"minecraft:stick":28,"minecraft:stone_pickaxe":3,"minecraft:stone_sword":1,"minecraft:acacia_planks":32,"minecraft:torch":16},"minecraft:picked_up":{"minecraft:crafting_table":6,"minecraft:feather":1,"minecraft:chicken":3,"minecraft:leather":2,"minecraft:wooden_pickaxe":1,"minecraft:oak_log":6,"minecraft:cornflower":2,"minecraft:dirt":12,"minecraft:lantern":2,"minecraft:raw_copper":9,"minecraft:wooden_sword":1,"minecraft:wheat_seeds":1,"minecraft:spruce_planks":4,"minecraft:beef":3,"minecraft:stone_pickaxe":1,"minecraft:oak_planks":18,"minecraft:egg":1,"minecraft:stick":6,"minecraft:raw_iron":2,"minecraft:oak_door":4,"minecraft:torch":8,"minecraft:acacia_log":9,"minecraft:dripstone_block":23,"minecraft:gravel":6,"minecraft:porkchop":3,"minecraft:stripped_spruce_log":14,"minecraft:granite":13,"minecraft:coal":4,"minecraft:cobblestone":54},"minecraft:killed":{"minecraft:pig":1,"minecraft:salmon":1,"minecraft:chicken":3,"minecraft:cow":1},"minecraft:dropped":{"minecraft:crafting_table":1,"minecraft:dripstone_block":1,"minecraft:cooked_porkchop":1,"minecraft:oak_planks":11,"minecraft:leather":1,"minecraft:stick":4,"minecraft:dirt":1,"minecraft:torch":4,"minecraft:spruce_planks":21,"minecraft:cornflower":1,"minecraft:wooden_sword":1,"minecraft:stone_pickaxe":1,"minecraft:beef":1,"minecraft:wooden_pickaxe":1},"minecraft:mined":{"minecraft:large_amethyst_bud":1,"minecraft:acacia_leaves":1,"minecraft:spruce_planks":4,"minecraft:oak_door":4,"minecraft:crafting_table":5,"minecraft:cornflower":1,"minecraft:torch":4,"minecraft:granite":13,"minecraft:acacia_log":10,"minecraft:grass_block":3,"minecraft:copper_ore":2,"minecraft:spruce_leaves":1,"minecraft:oak_planks":7,"minecraft:iron_ore":2,"minecraft:stripped_spruce_log":13,"minecraft:grass":1,"minecraft:oak_log":6,"minecraft:coal_ore":4,"minecraft:dripstone_block":22,"minecraft:lantern":1,"minecraft:dirt":8,"minecraft:gravel":7,"minecraft:stone":52,"minecraft:oak_leaves":1}},"DataVersion":3465}