{"stats":{"minecraft:used":{"minecraft:lantern":1,"minecraft:stone_pickaxe":3,"minecraft:oak_planks":7,"minecraft:wooden_pickaxe":3,"minecraft:gravel":3,"minecraft:torch":4,"minecraft:wooden_sword":3,"minecraft:beef":1,"minecraft:crafting_table":5,"minecraft:stripped_spruce_log":1},"minecraft:dropped":{"minecraft:torch":4,"minecraft:cornflower":1,"minecraft:crafting_table":1,"minecraft:dripstone_block":1,"minecraft:wooden_sword":1,"minecraft:oak_planks":11,"minecraft:leather":1,"minecraft:beef":1,"minecraft:stone_pickaxe":1,"minecraft:wooden_pickaxe":1,"minecraft:stick":4},"minecraft:crafted":{"minecraft:wooden_sword":1,"minecraft:oak_planks":24,"minecraft:crafting_table":1,"minecraft:stick":8,"minecraft:wooden_pickaxe":1,"minecraft:stone_pickaxe":1,"minecraft:torch":4},"minecraft:mined":{"minecraft:large_amethyst_bud":1,"minecraft:crafting_table":5,"minecraft:cornflower":1,"minecraft:torch":4,"minecraft:coal_ore":1,"minecraft:oak_log":6,"minecraft:lantern":1,"minecraft:gravel":4,"minecraft:stone":3,"minecraft:oak_planks":7,"minecraft:oak_leaves":1},"minecraft:killed_by":{"minecraft:vindicator":1,"minecraft:zombie":1,"minecraft:pillager":1},"minecraft:picked_up":{"minecraft:stick":6,"minecraft:crafting_table":6,"minecraft:leather":2,"minecraft:torch":8,"minecraft:wooden_pickaxe":1,"minecraft:dripstone_block":1,"minecraft:gravel":3,"minecraft:oak_log":6,"minecraft:stripped_spruce_log":1,"minecraft:cornflower":2,"minecraft:lantern":2,"minecraft:wooden_sword":1,"minecraft:beef":3,"minecraft:stone_pickaxe":1,"minecraft:oak_planks":18,"minecraft:coal":1,"minecraft:cobblestone":3},"minecraft:custom":{"minecraft:time_since_rest":7871,"minecraft:sprint_one_cm":85819,"minecraft:damage_taken":1545,"minecraft:walk_one_cm":160913,"minecraft:mob_kills":1,"minecraft:drop":25,"minecraft:damage_dealt":140,"minecraft:fly_one_cm":156912,"minecraft:swim_one_cm":1356,"minecraft:interact_with_crafting_table":11,"minecraft:crouch_one_cm":35,"minecraft:play_time":35027,"minecraft:deaths":5,"minecraft:sneak_time":48,"minecraft:walk_under_water_one_cm":9361,"minecraft:jump":722,"minecraft:leave_game":5,"minecraft:time_since_death":7655,"minecraft:walk_on_water_one_cm":2782,"minecraft:climb_one_cm":3046,"minecraft:total_world_time":35027,"minecraft:fall_one_cm":12222},"minecraft:killed":{"minecraft:cow":1}},"DataVersion":3465}