{"stats":{"minecraft:used":{"minecraft:stone_sword":92,"minecraft:acacia_log":1,"minecraft:carved_pumpkin":20,"minecraft:spruce_slab":5,"minecraft:stone_shovel":219,"minecraft:spruce_planks":17,"minecraft:shield":9,"minecraft:iron_sword":151,"minecraft:cooked_chicken":9,"minecraft:oak_door":4,"minecraft:torch":105,"minecraft:dirt":2,"minecraft:cobblestone_wall":18,"minecraft:tuff":7,"minecraft:granite":7,"minecraft:stripped_spruce_log":1,"minecraft:spruce_button":4,"minecraft:lantern":1,"minecraft:iron_helmet":2,"minecraft:iron_boots":2,"minecraft:smooth_basalt":1,"minecraft:bow":2,"minecraft:beef":1,"minecraft:furnace":3,"minecraft:egg":2,"minecraft:cobbled_deepslate":99,"minecraft:pumpkin":7,"minecraft:iron_leggings":1,"minecraft:cooked_mutton":2,"minecraft:water_bucket":16,"minecraft:snow_block":43,"minecraft:stone_pickaxe":454,"minecraft:oak_planks":7,"minecraft:wooden_pickaxe":42,"minecraft:sugar_cane":3,"minecraft:glow_berries":14,"minecraft:crafting_table":14,"minecraft:white_bed":2,"minecraft:shears":22,"minecraft:bread":7,"minecraft:iron_pickaxe":293,"minecraft:iron_door":2,"minecraft:gravel":6,"minecraft:spruce_sapling":3,"minecraft:stone_axe":82,"minecraft:wooden_sword":3,"minecraft:cobblestone":188,"minecraft:cooked_porkchop":12,"minecraft:bucket":17,"minecraft:andesite":1},"minecraft:custom":{"minecraft:interact_with_anvil":1,"minecraft:mob_kills":51,"minecraft:interact_with_crafting_table":88,"minecraft:open_barrel":14,"minecraft:leave_game":7,"minecraft:time_since_death":13541,"minecraft:climb_one_cm":7802,"minecraft:sprint_one_cm":680842,"minecraft:walk_one_cm":809762,"minecraft:damage_blocked_by_shield":375,"minecraft:drop":84,"minecraft:talked_to_villager":2,"minecraft:play_time":252654,"minecraft:deaths":18,"minecraft:sneak_time":13902,"minecraft:walk_under_water_one_cm":47016,"minecraft:jump":3935,"minecraft:walk_on_water_one_cm":56900,"minecraft:total_world_time":252654,"minecraft:interact_with_furnace":73,"minecraft:interact_with_grindstone":1,"minecraft:sleep_in_bed":2,"minecraft:time_since_rest":13567,"minecraft:damage_taken":6835,"minecraft:damage_dealt":8275,"minecraft:swim_one_cm":39348,"minecraft:fly_one_cm":706637,"minecraft:open_chest":26,"minecraft:crouch_one_cm":32334,"minecraft:fall_one_cm":85765},"minecraft:killed_by":{"minecraft:creeper":1,"minecraft:spider":1,"minecraft:pillager":1,"minecraft:enderman":6,"minecraft:vindicator":1,"minecraft:skeleton":2,"minecraft:zombie":1},"minecraft:crafted":{"minecraft:wooden_sword":1,"minecraft:oak_planks":24,"minecraft:stone_shovel":2,"minecraft:spruce_button":2,"minecraft:cooked_chicken":11,"minecraft:furnace":3,"minecraft:cooked_mutton":2,"minecraft:bow":2,"minecraft:iron_boots":2,"minecraft:spruce_slab":6,"biomemakeover:crude_cladding":1,"minecraft:stone_pickaxe":6,"minecraft:cobblestone_wall":12,"minecraft:iron_door":3,"minecraft:cooked_porkchop":13,"minecraft:crafting_table":9,"minecraft:spruce_planks":192,"minecraft:wooden_pickaxe":4,"minecraft:iron_helmet":2,"minecraft:iron_sword":2,"minecraft:bucket":1,"minecraft:stone_axe":4,"minecraft:air":0,"minecraft:white_wool":5,"minecraft:iron_chestplate":2,"minecraft:shield":3,"minecraft:stick":96,"minecraft:iron_ingot":73,"minecraft:iron_pickaxe":3,"minecraft:stone_sword":4,"minecraft:snow_block":48,"minecraft:iron_leggings":2,"minecraft:white_bed":1,"minecraft:acacia_planks":52,"minecraft:torch":100,"minecraft:shears":1},"minecraft:picked_up":{"minecraft:iron_chestplate":6,"minecraft:crafting_table":10,"minecraft:chicken":12,"minecraft:clay_ball":18,"minecraft:wooden_pickaxe":3,"minecraft:shield":7,"minecraft:iron_leggings":6,"minecraft:cornflower":5,"minecraft:moss_carpet":8,"minecraft:string":120,"minecraft:raw_copper":74,"biomemakeover:cladded_chestplate":1,"minecraft:wooden_sword":1,"minecraft:cyan_carpet":2,"minecraft:blue_orchid":2,"minecraft:cobbled_deepslate":105,"minecraft:bucket":1,"minecraft:spruce_planks":411,"minecraft:beef":3,"minecraft:calcite":56,"minecraft:spruce_slab":1,"minecraft:iron_pickaxe":6,"minecraft:sugar_cane":3,"minecraft:iron_boots":5,"minecraft:egg":2,"minecraft:furnace":2,"minecraft:stick":20,"minecraft:raw_iron":101,"minecraft:oak_door":4,"minecraft:snow_block":5,"minecraft:torch":236,"minecraft:acacia_log":14,"minecraft:porkchop":16,"minecraft:pointed_dripstone":18,"minecraft:diorite":6,"minecraft:vine":5,"minecraft:stone_shovel":1,"minecraft:stone_sword":7,"minecraft:arrow":5,"minecraft:rotten_flesh":19,"minecraft:shears":1,"minecraft:carved_pumpkin":22,"minecraft:mutton":2,"minecraft:snowball":199,"minecraft:white_wool":1,"minecraft:cobblestone":965,"minecraft:feather":17,"minecraft:water_bucket":2,"minecraft:andesite":60,"minecraft:leather":3,"minecraft:golden_leggings":7,"minecraft:tuff":7,"minecraft:oak_log":6,"minecraft:cobblestone_wall":8,"minecraft:lapis_lazuli":357,"minecraft:lantern":2,"minecraft:dirt":102,"biomemakeover:crude_cladding":5,"biomemakeover:crude_fragment":4,"minecraft:cooked_mutton":10,"minecraft:bone":7,"minecraft:acacia_planks":153,"minecraft:bow":11,"minecraft:wheat_seeds":29,"minecraft:raw_gold":11,"minecraft:iron_ingot":43,"minecraft:stone_pickaxe":10,"minecraft:cooked_chicken":2,"minecraft:moss_block":1,"minecraft:stone_hoe":2,"minecraft:iron_sword":6,"minecraft:oak_planks":18,"minecraft:smooth_basalt":1,"minecraft:cooked_porkchop":1,"minecraft:pumpkin":7,"minecraft:gravel":11,"minecraft:dripstone_block":73,"minecraft:amethyst_shard":32,"minecraft:stripped_spruce_log":49,"minecraft:spruce_sapling":3,"minecraft:white_bed":2,"minecraft:barrel":7,"minecraft:spider_eye":7,"minecraft:leather_helmet":5,"minecraft:pumpkin_seeds":176,"minecraft:stone_axe":7,"minecraft:iron_helmet":6,"minecraft:granite":21,"minecraft:grass":1,"minecraft:spruce_button":2,"minecraft:warped_roots":1,"minecraft:acacia_slab":7,"minecraft:damaged_anvil":1,"minecraft:coal":103,"minecraft:ender_pearl":2},"minecraft:killed":{"minecraft:cave_spider":2,"minecraft:spider":9,"minecraft:vindicator":1,"minecraft:skeleton":1,"minecraft:chicken":12,"minecraft:pig":6,"minecraft:salmon":1,"minecraft:sheep":1,"minecraft:pillager":2,"minecraft:zombie":13,"minecraft:enderman":1,"minecraft:cow":1},"minecraft:mined":{"minecraft:large_amethyst_bud":3,"minecraft:white_bed":1,"minecraft:tuff":7,"minecraft:spruce_planks":4,"minecraft:oak_door":4,"minecraft:carved_pumpkin":22,"minecraft:granite":14,"minecraft:grass_block":8,"minecraft:acacia_log":15,"minecraft:acacia_slab":1,"minecraft:spruce_leaves":5,"minecraft:large_fern":2,"minecraft:furnace":2,"minecraft:barrel":7,"minecraft:iron_ore":101,"minecraft:cobbled_deepslate":2,"minecraft:snow":194,"minecraft:pumpkin":7,"minecraft:andesite":38,"minecraft:stripped_spruce_log":48,"minecraft:pointed_dripstone":3,"minecraft:lantern":1,"minecraft:stone":327,"minecraft:acacia_leaves":1,"minecraft:snow_block":3,"minecraft:medium_amethyst_bud":1,"minecraft:amethyst_cluster":1,"minecraft:crafting_table":8,"minecraft:cornflower":2,"minecraft:torch":8,"minecraft:spruce_button":2,"minecraft:tall_grass":9,"minecraft:copper_ore":11,"minecraft:cobblestone":32,"minecraft:lapis_ore":8,"minecraft:sugar_cane":1,"minecraft:oak_planks":7,"minecraft:damaged_anvil":1,"minecraft:diorite":1,"minecraft:wall_torch":4,"minecraft:cobblestone_wall":10,"minecraft:grass":30,"minecraft:coal_ore":68,"minecraft:oak_log":6,"minecraft:cyan_carpet":2,"minecraft:gravel":11,"minecraft:dripstone_block":26,"minecraft:dirt":15,"minecraft:cobweb":48,"minecraft:acacia_planks":3,"minecraft:gold_ore":11,"minecraft:oak_leaves":1,"minecraft:deepslate":106,"minecraft:fern":4},"minecraft:dropped":{"minecraft:water_bucket":2,"minecraft:stone_hoe":2,"minecraft:moss_block":1,"minecraft:vine":5,"minecraft:porkchop":3,"minecraft:wheat_seeds":5,"minecraft:crafting_table":1,"minecraft:dripstone_block":1,"minecraft:cooked_porkchop":1,"minecraft:feather":7,"minecraft:warped_roots":1,"minecraft:leather":1,"minecraft:leather_helmet":5,"minecraft:coal":1,"minecraft:stick":6,"minecraft:dirt":1,"minecraft:grass":1,"minecraft:torch":4,"minecraft:cornflower":4,"minecraft:wooden_sword":1,"minecraft:iron_pickaxe":1,"minecraft:string":1,"minecraft:acacia_planks":3,"minecraft:cyan_carpet":2,"minecraft:bone":1,"minecraft:moss_carpet":8,"minecraft:stone_sword":1,"biomemakeover:cladded_chestplate":1,"minecraft:chicken":1,"minecraft:rotten_flesh":6,"minecraft:clay_ball":18,"minecraft:oak_planks":11,"minecraft:iron_boots":1,"minecraft:spruce_planks":21,"minecraft:golden_leggings":2,"minecraft:bow":2,"minecraft:wooden_pickaxe":3,"minecraft:beef":1,"minecraft:blue_orchid":1,"minecraft:stone_pickaxe":5},"minecraft:broken":{"minecraft:stone_pickaxe":1,"minecraft:stone_shovel":1}},"DataVersion":3465}