{"stats":{"minecraft:used":{"minecraft:stone_sword":62,"minecraft:acacia_log":1,"minecraft:stone_pickaxe":254,"minecraft:oak_planks":7,"minecraft:spruce_planks":5,"minecraft:wooden_pickaxe":11,"minecraft:cooked_chicken":1,"minecraft:oak_door":4,"minecraft:torch":18,"minecraft:dirt":2,"minecraft:crafting_table":7,"minecraft:granite":7,"minecraft:stripped_spruce_log":1,"minecraft:lantern":1,"minecraft:iron_pickaxe":17,"minecraft:iron_helmet":1,"minecraft:iron_boots":1,"minecraft:gravel":6,"minecraft:cobblestone":2,"minecraft:stone_axe":29,"minecraft:wooden_sword":3,"minecraft:beef":1,"minecraft:cooked_porkchop":2,"minecraft:furnace":2,"minecraft:andesite":1,"minecraft:egg":1,"minecraft:iron_leggings":1},"minecraft:custom":{"minecraft:interact_with_furnace":22,"minecraft:mob_kills":15,"minecraft:interact_with_crafting_table":35,"minecraft:leave_game":7,"minecraft:time_since_death":22457,"minecraft:climb_one_cm":3046,"minecraft:time_since_rest":22495,"minecraft:sprint_one_cm":206979,"minecraft:damage_taken":2875,"minecraft:walk_one_cm":345445,"minecraft:drop":47,"minecraft:damage_dealt":1893,"minecraft:swim_one_cm":2807,"minecraft:fly_one_cm":306920,"minecraft:crouch_one_cm":4643,"minecraft:play_time":90654,"minecraft:deaths":9,"minecraft:sneak_time":1941,"minecraft:walk_under_water_one_cm":14070,"minecraft:jump":1556,"minecraft:walk_on_water_one_cm":3341,"minecraft:total_world_time":90654,"minecraft:fall_one_cm":33837},"minecraft:killed_by":{"minecraft:vindicator":1,"minecraft:skeleton":1,"minecraft:spider":1,"minecraft:zombie":1,"minecraft:pillager":1},"minecraft:crafted":{"minecraft:wooden_sword":1,"minecraft:oak_planks":24,"minecraft:cooked_porkchop":3,"minecraft:iron_helmet":1,"minecraft:crafting_table":3,"minecraft:spruce_planks":60,"minecraft:cooked_chicken":3,"minecraft:wooden_pickaxe":2,"minecraft:furnace":2,"minecraft:stone_axe":2,"minecraft:air":0,"minecraft:iron_boots":1,"minecraft:white_wool":3,"minecraft:iron_chestplate":1,"minecraft:bow":1,"minecraft:shield":1,"minecraft:stick":48,"minecraft:iron_ingot":29,"minecraft:iron_pickaxe":1,"minecraft:stone_pickaxe":3,"minecraft:iron_leggings":1,"minecraft:stone_sword":2,"minecraft:acacia_planks":52,"minecraft:torch":44},"minecraft:picked_up":{"minecraft:crafting_table":7,"minecraft:feather":2,"minecraft:chicken":4,"minecraft:andesite":14,"minecraft:leather":2,"minecraft:wooden_pickaxe":3,"minecraft:oak_log":6,"minecraft:string":29,"minecraft:cornflower":5,"minecraft:dirt":21,"minecraft:lantern":2,"minecraft:raw_copper":74,"minecraft:wooden_sword":1,"minecraft:acacia_planks":19,"minecraft:bone":1,"minecraft:blue_orchid":2,"minecraft:wheat_seeds":3,"minecraft:spruce_planks":30,"minecraft:cooked_chicken":2,"minecraft:beef":3,"minecraft:stone_pickaxe":3,"minecraft:oak_planks":18,"minecraft:furnace":1,"minecraft:egg":1,"minecraft:stick":14,"minecraft:raw_iron":36,"minecraft:oak_door":4,"minecraft:torch":9,"minecraft:acacia_log":14,"minecraft:dripstone_block":45,"minecraft:gravel":6,"minecraft:porkchop":6,"minecraft:stripped_spruce_log":16,"minecraft:spider_eye":2,"minecraft:stone_sword":1,"minecraft:arrow":1,"minecraft:rotten_flesh":12,"minecraft:stone_axe":1,"minecraft:granite":21,"minecraft:warped_roots":1,"minecraft:coal":69,"minecraft:cobblestone":187},"minecraft:killed":{"minecraft:pig":1,"minecraft:salmon":1,"minecraft:vindicator":1,"minecraft:spider":1,"minecraft:zombie":6,"minecraft:chicken":4,"minecraft:cow":1},"minecraft:dropped":{"minecraft:wheat_seeds":2,"minecraft:porkchop":3,"minecraft:rotten_flesh":6,"minecraft:crafting_table":1,"minecraft:chicken":1,"minecraft:dripstone_block":1,"minecraft:cooked_porkchop":1,"minecraft:feather":1,"minecraft:warped_roots":1,"minecraft:oak_planks":11,"minecraft:leather":1,"minecraft:stick":4,"minecraft:dirt":1,"minecraft:torch":4,"minecraft:spruce_planks":21,"minecraft:cornflower":4,"minecraft:blue_orchid":1,"minecraft:wooden_sword":1,"minecraft:stone_pickaxe":2,"minecraft:beef":1,"minecraft:wooden_pickaxe":3},"minecraft:mined":{"minecraft:large_amethyst_bud":2,"minecraft:acacia_leaves":1,"minecraft:spruce_planks":4,"minecraft:oak_door":4,"minecraft:crafting_table":6,"minecraft:cornflower":2,"minecraft:torch":4,"minecraft:granite":14,"minecraft:acacia_log":15,"minecraft:grass_block":3,"minecraft:copper_ore":11,"minecraft:spruce_leaves":1,"minecraft:oak_planks":7,"minecraft:wall_torch":1,"minecraft:furnace":1,"minecraft:iron_ore":36,"minecraft:andesite":15,"minecraft:stripped_spruce_log":15,"minecraft:grass":1,"minecraft:oak_log":6,"minecraft:coal_ore":42,"minecraft:dripstone_block":22,"minecraft:lantern":1,"minecraft:dirt":8,"minecraft:gravel":7,"minecraft:cobweb":28,"minecraft:stone":129,"minecraft:oak_leaves":1},"minecraft:broken":{"minecraft:stone_pickaxe":1}},"DataVersion":3465}