{"stats":{"minecraft:used":{"minecraft:stone_sword":34,"minecraft:acacia_log":1,"minecraft:stone_pickaxe":211,"minecraft:oak_planks":7,"minecraft:spruce_planks":5,"minecraft:wooden_pickaxe":11,"minecraft:cooked_chicken":1,"minecraft:oak_door":4,"minecraft:torch":11,"minecraft:dirt":2,"minecraft:crafting_table":6,"minecraft:granite":7,"minecraft:stripped_spruce_log":1,"minecraft:lantern":1,"minecraft:gravel":6,"minecraft:cobblestone":2,"minecraft:stone_axe":28,"minecraft:wooden_sword":3,"minecraft:beef":1,"minecraft:cooked_porkchop":2,"minecraft:furnace":1,"minecraft:andesite":1,"minecraft:egg":1},"minecraft:custom":{"minecraft:interact_with_furnace":6,"minecraft:mob_kills":15,"minecraft:interact_with_crafting_table":21,"minecraft:leave_game":7,"minecraft:time_since_death":10457,"minecraft:climb_one_cm":3046,"minecraft:time_since_rest":10495,"minecraft:sprint_one_cm":190519,"minecraft:damage_taken":2860,"minecraft:walk_one_cm":302586,"minecraft:drop":47,"minecraft:damage_dealt":1893,"minecraft:swim_one_cm":2807,"minecraft:fly_one_cm":297194,"minecraft:crouch_one_cm":4643,"minecraft:play_time":78654,"minecraft:deaths":9,"minecraft:sneak_time":1941,"minecraft:walk_under_water_one_cm":14070,"minecraft:jump":1408,"minecraft:walk_on_water_one_cm":3341,"minecraft:total_world_time":78654,"minecraft:fall_one_cm":33152},"minecraft:killed_by":{"minecraft:vindicator":1,"minecraft:skeleton":1,"minecraft:spider":1,"minecraft:zombie":1,"minecraft:pillager":1},"minecraft:crafted":{"minecraft:wooden_sword":1,"minecraft:oak_planks":24,"minecraft:cooked_porkchop":3,"minecraft:crafting_table":2,"minecraft:spruce_planks":60,"minecraft:cooked_chicken":3,"minecraft:wooden_pickaxe":2,"minecraft:furnace":1,"minecraft:stone_axe":1,"minecraft:air":0,"minecraft:stick":36,"minecraft:stone_pickaxe":3,"minecraft:stone_sword":2,"minecraft:acacia_planks":52,"minecraft:torch":44},"minecraft:picked_up":{"minecraft:crafting_table":6,"minecraft:feather":2,"minecraft:chicken":4,"minecraft:andesite":2,"minecraft:leather":2,"minecraft:wooden_pickaxe":3,"minecraft:oak_log":6,"minecraft:string":2,"minecraft:cornflower":5,"minecraft:dirt":21,"minecraft:lantern":2,"minecraft:raw_copper":70,"minecraft:wooden_sword":1,"minecraft:acacia_planks":19,"minecraft:bone":1,"minecraft:blue_orchid":2,"minecraft:wheat_seeds":3,"minecraft:spruce_planks":30,"minecraft:cooked_chicken":2,"minecraft:beef":3,"minecraft:stone_pickaxe":3,"minecraft:oak_planks":18,"minecraft:egg":1,"minecraft:stick":14,"minecraft:raw_iron":4,"minecraft:oak_door":4,"minecraft:torch":8,"minecraft:acacia_log":14,"minecraft:dripstone_block":45,"minecraft:gravel":6,"minecraft:porkchop":6,"minecraft:stripped_spruce_log":16,"minecraft:spider_eye":2,"minecraft:stone_sword":1,"minecraft:arrow":1,"minecraft:rotten_flesh":12,"minecraft:stone_axe":1,"minecraft:granite":21,"minecraft:warped_roots":1,"minecraft:coal":32,"minecraft:cobblestone":183},"minecraft:killed":{"minecraft:pig":1,"minecraft:salmon":1,"minecraft:vindicator":1,"minecraft:spider":1,"minecraft:zombie":6,"minecraft:chicken":4,"minecraft:cow":1},"minecraft:dropped":{"minecraft:wheat_seeds":2,"minecraft:porkchop":3,"minecraft:rotten_flesh":6,"minecraft:crafting_table":1,"minecraft:chicken":1,"minecraft:dripstone_block":1,"minecraft:cooked_porkchop":1,"minecraft:feather":1,"minecraft:warped_roots":1,"minecraft:oak_planks":11,"minecraft:leather":1,"minecraft:stick":4,"minecraft:dirt":1,"minecraft:torch":4,"minecraft:spruce_planks":21,"minecraft:cornflower":4,"minecraft:blue_orchid":1,"minecraft:wooden_sword":1,"minecraft:stone_pickaxe":2,"minecraft:beef":1,"minecraft:wooden_pickaxe":3},"minecraft:mined":{"minecraft:large_amethyst_bud":2,"minecraft:acacia_leaves":1,"minecraft:spruce_planks":4,"minecraft:oak_door":4,"minecraft:crafting_table":5,"minecraft:cornflower":2,"minecraft:torch":4,"minecraft:granite":14,"minecraft:acacia_log":15,"minecraft:grass_block":3,"minecraft:copper_ore":11,"minecraft:spruce_leaves":1,"minecraft:oak_planks":7,"minecraft:iron_ore":4,"minecraft:andesite":2,"minecraft:stripped_spruce_log":15,"minecraft:grass":1,"minecraft:oak_log":6,"minecraft:coal_ore":32,"minecraft:dripstone_block":22,"minecraft:lantern":1,"minecraft:dirt":8,"minecraft:gravel":7,"minecraft:stone":126,"minecraft:oak_leaves":1}},"DataVersion":3465}