{"stats":{"minecraft:mined":{"minecraft:dirt":1},"minecraft:used":{"minecraft:dirt":1},"minecraft:custom":{"minecraft:jump":49,"minecraft:time_since_rest":140,"minecraft:deaths":1,"minecraft:walk_on_water_one_cm":111,"minecraft:leave_game":2,"minecraft:sprint_one_cm":8515,"minecraft:play_time":2986,"minecraft:damage_taken":230,"minecraft:time_since_death":60,"minecraft:walk_one_cm":7025,"minecraft:total_world_time":2986,"minecraft:walk_under_water_one_cm":2199,"minecraft:fall_one_cm":2792,"minecraft:fly_one_cm":14099},"minecraft:picked_up":{"minecraft:dirt":1}},"DataVersion":3465}