{"stats":{"minecraft:used":{"minecraft:stone_sword":76,"minecraft:acacia_log":1,"minecraft:spruce_planks":5,"minecraft:cooked_chicken":1,"minecraft:oak_door":4,"minecraft:torch":26,"minecraft:dirt":2,"minecraft:tuff":7,"minecraft:granite":7,"minecraft:stripped_spruce_log":1,"minecraft:lantern":1,"minecraft:iron_helmet":1,"minecraft:iron_boots":1,"minecraft:beef":1,"minecraft:furnace":2,"minecraft:egg":1,"minecraft:cobbled_deepslate":99,"minecraft:iron_leggings":1,"minecraft:stone_pickaxe":371,"minecraft:oak_planks":7,"minecraft:wooden_pickaxe":42,"minecraft:glow_berries":14,"minecraft:crafting_table":11,"minecraft:iron_pickaxe":85,"minecraft:gravel":6,"minecraft:spruce_sapling":3,"minecraft:stone_axe":40,"minecraft:wooden_sword":3,"minecraft:cobblestone":2,"minecraft:cooked_porkchop":2,"minecraft:andesite":1},"minecraft:custom":{"minecraft:interact_with_anvil":1,"minecraft:mob_kills":16,"minecraft:interact_with_crafting_table":46,"minecraft:open_barrel":14,"minecraft:leave_game":7,"minecraft:time_since_death":4918,"minecraft:climb_one_cm":3234,"minecraft:sprint_one_cm":246983,"minecraft:walk_one_cm":438599,"minecraft:drop":57,"minecraft:play_time":120654,"minecraft:deaths":11,"minecraft:sneak_time":5467,"minecraft:walk_under_water_one_cm":14195,"minecraft:jump":1973,"minecraft:walk_on_water_one_cm":4151,"minecraft:total_world_time":120654,"minecraft:interact_with_furnace":27,"minecraft:interact_with_grindstone":1,"minecraft:time_since_rest":5067,"minecraft:damage_taken":3476,"minecraft:damage_dealt":2013,"minecraft:swim_one_cm":5560,"minecraft:fly_one_cm":368665,"minecraft:crouch_one_cm":12760,"minecraft:fall_one_cm":48988},"minecraft:killed_by":{"minecraft:spider":1,"minecraft:pillager":1,"minecraft:vindicator":1,"minecraft:skeleton":2,"minecraft:zombie":1},"minecraft:crafted":{"minecraft:wooden_sword":1,"minecraft:oak_planks":24,"minecraft:cooked_chicken":3,"minecraft:furnace":2,"minecraft:bow":1,"minecraft:iron_boots":1,"minecraft:stone_pickaxe":6,"minecraft:cooked_porkchop":3,"minecraft:crafting_table":6,"minecraft:spruce_planks":112,"minecraft:wooden_pickaxe":4,"minecraft:iron_helmet":1,"minecraft:iron_sword":1,"minecraft:stone_axe":3,"minecraft:air":0,"minecraft:white_wool":3,"minecraft:iron_chestplate":1,"minecraft:shield":2,"minecraft:stick":72,"minecraft:iron_ingot":29,"minecraft:iron_pickaxe":2,"minecraft:stone_sword":4,"minecraft:iron_leggings":1,"minecraft:acacia_planks":52,"minecraft:torch":44},"minecraft:picked_up":{"minecraft:crafting_table":8,"minecraft:chicken":4,"minecraft:clay_ball":18,"minecraft:wooden_pickaxe":3,"minecraft:cornflower":5,"minecraft:moss_carpet":8,"minecraft:string":42,"minecraft:raw_copper":74,"minecraft:wooden_sword":1,"minecraft:cyan_carpet":2,"minecraft:blue_orchid":2,"minecraft:cobbled_deepslate":105,"minecraft:spruce_planks":30,"minecraft:beef":3,"minecraft:egg":1,"minecraft:furnace":2,"minecraft:stick":14,"minecraft:raw_iron":57,"minecraft:oak_door":4,"minecraft:torch":10,"minecraft:acacia_log":14,"minecraft:porkchop":6,"minecraft:vine":5,"minecraft:stone_sword":1,"minecraft:arrow":1,"minecraft:rotten_flesh":12,"minecraft:cobblestone":235,"minecraft:feather":2,"minecraft:andesite":32,"minecraft:leather":2,"minecraft:tuff":7,"minecraft:oak_log":6,"minecraft:lantern":2,"minecraft:dirt":22,"minecraft:bone":1,"minecraft:acacia_planks":19,"minecraft:wheat_seeds":4,"minecraft:raw_gold":11,"minecraft:stone_pickaxe":3,"minecraft:cooked_chicken":2,"minecraft:moss_block":1,"minecraft:oak_planks":18,"minecraft:gravel":6,"minecraft:dripstone_block":45,"minecraft:stripped_spruce_log":29,"minecraft:spruce_sapling":3,"minecraft:barrel":7,"minecraft:spider_eye":3,"minecraft:stone_axe":1,"minecraft:granite":21,"minecraft:grass":1,"minecraft:warped_roots":1,"minecraft:damaged_anvil":1,"minecraft:coal":70},"minecraft:killed":{"minecraft:cave_spider":1,"minecraft:spider":1,"minecraft:vindicator":1,"minecraft:chicken":4,"minecraft:pig":1,"minecraft:salmon":1,"minecraft:zombie":6,"minecraft:cow":1},"minecraft:dropped":{"minecraft:moss_block":1,"minecraft:vine":5,"minecraft:porkchop":3,"minecraft:wheat_seeds":3,"minecraft:crafting_table":1,"minecraft:dripstone_block":1,"minecraft:cooked_porkchop":1,"minecraft:feather":1,"minecraft:warped_roots":1,"minecraft:leather":1,"minecraft:stick":4,"minecraft:dirt":1,"minecraft:grass":1,"minecraft:torch":4,"minecraft:cornflower":4,"minecraft:wooden_sword":1,"minecraft:iron_pickaxe":1,"minecraft:cyan_carpet":2,"minecraft:moss_carpet":8,"minecraft:chicken":1,"minecraft:rotten_flesh":6,"minecraft:clay_ball":18,"minecraft:oak_planks":11,"minecraft:spruce_planks":21,"minecraft:wooden_pickaxe":3,"minecraft:beef":1,"minecraft:blue_orchid":1,"minecraft:stone_pickaxe":3},"minecraft:mined":{"minecraft:large_amethyst_bud":2,"minecraft:tuff":7,"minecraft:spruce_planks":4,"minecraft:oak_door":4,"minecraft:granite":14,"minecraft:grass_block":4,"minecraft:acacia_log":15,"minecraft:spruce_leaves":5,"minecraft:furnace":2,"minecraft:barrel":7,"minecraft:iron_ore":56,"minecraft:cobbled_deepslate":2,"minecraft:andesite":34,"minecraft:stripped_spruce_log":28,"minecraft:lantern":1,"minecraft:stone":176,"minecraft:acacia_leaves":1,"minecraft:crafting_table":7,"minecraft:cornflower":2,"minecraft:torch":5,"minecraft:copper_ore":11,"minecraft:cobblestone":1,"minecraft:oak_planks":7,"minecraft:damaged_anvil":1,"minecraft:wall_torch":1,"minecraft:grass":1,"minecraft:coal_ore":43,"minecraft:oak_log":6,"minecraft:cyan_carpet":2,"minecraft:gravel":9,"minecraft:dripstone_block":22,"minecraft:dirt":8,"minecraft:cobweb":38,"minecraft:gold_ore":11,"minecraft:oak_leaves":1,"minecraft:deepslate":106},"minecraft:broken":{"minecraft:stone_pickaxe":1}},"DataVersion":3465}