{"stats":{"minecraft:mined":{"minecraft:oak_log":6,"minecraft:large_amethyst_bud":1,"minecraft:coal_ore":1,"minecraft:lantern":1,"minecraft:stone":3,"minecraft:torch":3,"minecraft:cornflower":1,"minecraft:oak_leaves":1,"minecraft:crafting_table":4},"minecraft:used":{"minecraft:torch":3,"minecraft:crafting_table":4,"minecraft:stone_pickaxe":3,"minecraft:wooden_pickaxe":3},"minecraft:picked_up":{"minecraft:crafting_table":4,"minecraft:stick":2,"minecraft:torch":3,"minecraft:oak_log":6,"minecraft:cornflower":1,"minecraft:coal":1,"minecraft:cobblestone":3,"minecraft:lantern":1},"minecraft:custom":{"minecraft:time_since_rest":13297,"minecraft:deaths":2,"minecraft:play_time":16122,"minecraft:sprint_one_cm":41226,"minecraft:damage_taken":750,"minecraft:walk_one_cm":93325,"minecraft:sneak_time":22,"minecraft:walk_under_water_one_cm":9101,"minecraft:jump":483,"minecraft:leave_game":1,"minecraft:walk_on_water_one_cm":2528,"minecraft:time_since_death":13267,"minecraft:climb_one_cm":3046,"minecraft:total_world_time":16122,"minecraft:interact_with_crafting_table":9,"minecraft:fall_one_cm":7948,"minecraft:fly_one_cm":111648},"minecraft:killed_by":{"minecraft:vindicator":1,"minecraft:zombie":1},"minecraft:crafted":{"minecraft:wooden_sword":1,"minecraft:oak_planks":24,"minecraft:torch":4,"minecraft:crafting_table":1,"minecraft:stick":8,"minecraft:wooden_pickaxe":1,"minecraft:stone_pickaxe":1}},"DataVersion":3465}