{"stats":{"minecraft:used":{"minecraft:spruce_slab":5,"minecraft:shield":16,"minecraft:iron_sword":179,"minecraft:tuff":7,"minecraft:stripped_spruce_log":1,"minecraft:lava_bucket":3,"minecraft:lantern":1,"minecraft:iron_helmet":2,"minecraft:bow":2,"minecraft:furnace":3,"minecraft:egg":2,"minecraft:stone_pickaxe":454,"minecraft:oak_planks":7,"minecraft:wooden_pickaxe":42,"minecraft:sugar_cane":3,"minecraft:glow_berries":14,"minecraft:blast_furnace":2,"minecraft:dripstone_block":4,"minecraft:shears":34,"minecraft:bread":9,"minecraft:iron_door":2,"minecraft:gravel":6,"minecraft:wooden_sword":3,"minecraft:grindstone":2,"minecraft:andesite":1,"minecraft:smooth_stone_slab":69,"minecraft:stone_sword":92,"minecraft:acacia_log":1,"minecraft:carved_pumpkin":22,"minecraft:stone_shovel":251,"minecraft:spruce_planks":17,"minecraft:cooked_chicken":10,"minecraft:oak_door":4,"minecraft:torch":134,"minecraft:dirt":68,"minecraft:spyglass":8,"minecraft:cobblestone_wall":18,"minecraft:granite":7,"minecraft:spruce_button":4,"minecraft:iron_boots":3,"minecraft:smooth_basalt":1,"minecraft:beef":1,"minecraft:cooked_beef":1,"minecraft:cobbled_deepslate":99,"minecraft:pumpkin":7,"minecraft:iron_leggings":2,"minecraft:pointed_dripstone":2,"minecraft:wheat_seeds":15,"minecraft:cooked_mutton":2,"minecraft:water_bucket":22,"minecraft:snow_block":47,"minecraft:cauldron":5,"minecraft:stonecutter":2,"minecraft:crafting_table":14,"minecraft:white_bed":2,"minecraft:smoker":2,"minecraft:iron_pickaxe":476,"minecraft:spruce_sapling":3,"minecraft:stone_axe":115,"minecraft:cobblestone":260,"minecraft:cooked_porkchop":14,"minecraft:bucket":25},"minecraft:custom":{"minecraft:interact_with_crafting_table":124,"minecraft:open_barrel":14,"minecraft:leave_game":7,"minecraft:time_since_death":1344,"minecraft:sprint_one_cm":874879,"minecraft:damage_blocked_by_shield":765,"minecraft:drop":104,"minecraft:talked_to_villager":2,"minecraft:play_time":348654,"minecraft:deaths":21,"minecraft:jump":4919,"minecraft:walk_on_water_one_cm":78159,"minecraft:interact_with_furnace":118,"minecraft:sleep_in_bed":2,"minecraft:damage_dealt":9785,"minecraft:crouch_one_cm":45224,"minecraft:interact_with_smoker":3,"minecraft:use_cauldron":2,"minecraft:mob_kills":60,"minecraft:interact_with_anvil":1,"minecraft:climb_one_cm":11079,"minecraft:walk_one_cm":1144756,"minecraft:sneak_time":19028,"minecraft:walk_under_water_one_cm":54610,"minecraft:interact_with_blast_furnace":7,"minecraft:total_world_time":348654,"minecraft:interact_with_grindstone":3,"minecraft:interact_with_stonecutter":7,"minecraft:time_since_rest":1377,"minecraft:damage_taken":7832,"minecraft:swim_one_cm":41864,"minecraft:fly_one_cm":893488,"minecraft:open_chest":105,"minecraft:fall_one_cm":107850},"minecraft:killed_by":{"minecraft:creeper":1,"minecraft:pillager":1,"minecraft:vindicator":1,"minecraft:zombie":1,"minecraft:spider":1,"minecraft:enderman":7,"minecraft:skeleton":2},"minecraft:crafted":{"minecraft:oak_planks":24,"minecraft:smooth_stone":38,"minecraft:cooked_chicken":12,"minecraft:stone":23,"minecraft:cooked_mutton":2,"minecraft:bow":2,"minecraft:iron_boots":2,"minecraft:iron_door":3,"minecraft:smoker":2,"minecraft:cooked_porkchop":15,"minecraft:crafting_table":9,"minecraft:spruce_planks":192,"minecraft:iron_helmet":2,"minecraft:wooden_pickaxe":4,"minecraft:copper_ingot":1,"minecraft:iron_chestplate":2,"minecraft:shield":3,"minecraft:stick":100,"minecraft:iron_ingot":102,"minecraft:iron_pickaxe":4,"minecraft:stone_sword":4,"minecraft:snow_block":48,"minecraft:gold_ingot":15,"minecraft:shears":1,"minecraft:wooden_sword":1,"minecraft:stone_shovel":2,"minecraft:smooth_stone_slab":2,"minecraft:spyglass":1,"minecraft:spruce_button":2,"minecraft:furnace":6,"minecraft:blast_furnace":2,"biomemakeover:crude_cladding":1,"minecraft:spruce_slab":6,"minecraft:stone_pickaxe":6,"minecraft:cobblestone_wall":12,"minecraft:cooked_beef":2,"minecraft:iron_sword":2,"minecraft:bucket":1,"minecraft:stone_axe":4,"minecraft:bread":2,"minecraft:air":0,"minecraft:white_wool":5,"minecraft:iron_leggings":2,"minecraft:white_bed":1,"minecraft:acacia_planks":52,"minecraft:torch":100},"minecraft:picked_up":{"minecraft:iron_chestplate":9,"minecraft:wheat":5,"minecraft:stone_slab":4,"minecraft:string":140,"minecraft:raw_copper":91,"biomemakeover:cladded_chestplate":1,"minecraft:smooth_stone_slab":25,"minecraft:iron_leggings":9,"minecraft:cobbled_deepslate":126,"minecraft:bucket":1,"minecraft:spruce_planks":454,"minecraft:calcite":64,"minecraft:iron_pickaxe":10,"minecraft:iron_boots":8,"minecraft:furnace":4,"minecraft:stick":20,"minecraft:torch":353,"minecraft:acacia_log":14,"minecraft:porkchop":20,"minecraft:snow_block":10,"minecraft:pointed_dripstone":23,"minecraft:diorite":6,"minecraft:vine":5,"minecraft:cauldron":5,"minecraft:stone_sword":7,"minecraft:rotten_flesh":19,"minecraft:carved_pumpkin":35,"minecraft:snowball":203,"minecraft:cobblestone":1121,"minecraft:feather":21,"minecraft:water_bucket":3,"minecraft:andesite":60,"minecraft:golden_leggings":7,"minecraft:tuff":8,"minecraft:lapis_lazuli":408,"minecraft:dirt":197,"minecraft:lantern":2,"biomemakeover:crude_fragment":4,"biomemakeover:crude_cladding":5,"minecraft:bone":9,"minecraft:acacia_planks":213,"minecraft:bow":14,"minecraft:stonecutter":2,"minecraft:wheat_seeds":62,"minecraft:raw_gold":26,"minecraft:grindstone":2,"minecraft:moss_block":1,"minecraft:oak_planks":18,"minecraft:stone_hoe":2,"minecraft:cooked_porkchop":1,"minecraft:stripped_spruce_log":49,"minecraft:grass_block":1,"minecraft:barrel":7,"minecraft:diamond":11,"minecraft:granite":21,"minecraft:grass":1,"minecraft:spruce_button":2,"minecraft:crafting_table":11,"minecraft:chicken":13,"minecraft:clay_ball":18,"minecraft:wooden_pickaxe":3,"minecraft:shield":10,"minecraft:cornflower":6,"minecraft:moss_carpet":8,"minecraft:wooden_sword":1,"minecraft:cyan_carpet":2,"minecraft:blue_orchid":2,"minecraft:beef":3,"minecraft:spruce_slab":2,"minecraft:sugar_cane":3,"minecraft:egg":2,"minecraft:raw_iron":130,"minecraft:stone":27,"minecraft:oak_door":4,"minecraft:copper_ingot":1,"minecraft:redstone":70,"minecraft:arrow":6,"minecraft:stone_shovel":4,"minecraft:shears":4,"minecraft:mutton":2,"minecraft:white_wool":1,"minecraft:leather":4,"minecraft:oak_log":6,"minecraft:cobblestone_wall":10,"minecraft:cooked_mutton":10,"minecraft:stone_pickaxe":10,"minecraft:iron_ingot":46,"minecraft:cooked_chicken":2,"minecraft:iron_sword":10,"minecraft:smooth_basalt":1,"minecraft:pumpkin":8,"minecraft:dripstone_block":79,"minecraft:gravel":11,"minecraft:amethyst_shard":36,"minecraft:spruce_sapling":3,"minecraft:white_bed":2,"minecraft:spruce_log":9,"minecraft:spider_eye":10,"minecraft:leather_helmet":5,"minecraft:pumpkin_seeds":312,"minecraft:stone_axe":10,"minecraft:iron_helmet":9,"minecraft:warped_roots":1,"minecraft:damaged_anvil":1,"minecraft:acacia_slab":8,"minecraft:coal":125,"minecraft:ender_pearl":3},"minecraft:killed":{"minecraft:cave_spider":2,"minecraft:spider":12,"minecraft:skeleton":2,"minecraft:chicken":13,"minecraft:pig":7,"minecraft:salmon":1,"minecraft:sheep":1,"minecraft:pillager":2,"minecraft:zombie":13,"minecraft:cow":1,"minecraft:vindicator":1,"minecraft:snow_golem":2,"minecraft:enderman":2},"minecraft:dropped":{"minecraft:iron_sword":1,"minecraft:moss_block":1,"minecraft:porkchop":3,"minecraft:cooked_beef":1,"minecraft:crafting_table":1,"minecraft:cooked_porkchop":1,"minecraft:warped_roots":1,"minecraft:leather":1,"minecraft:leather_helmet":5,"minecraft:dirt":1,"minecraft:grass":1,"minecraft:cornflower":4,"minecraft:snowball":4,"minecraft:wooden_sword":1,"minecraft:iron_pickaxe":2,"minecraft:cyan_carpet":2,"minecraft:bone":1,"minecraft:spyglass":1,"minecraft:rotten_flesh":6,"minecraft:oak_planks":11,"minecraft:spruce_slab":1,"minecraft:beef":1,"minecraft:stone_hoe":2,"minecraft:water_bucket":2,"minecraft:vine":5,"minecraft:wheat_seeds":10,"minecraft:dripstone_block":1,"minecraft:feather":7,"minecraft:cobblestone":1,"minecraft:coal":1,"minecraft:stick":6,"minecraft:torch":4,"minecraft:string":1,"minecraft:acacia_planks":3,"minecraft:furnace":1,"minecraft:moss_carpet":8,"minecraft:stone_sword":1,"biomemakeover:cladded_chestplate":1,"minecraft:chicken":1,"minecraft:clay_ball":18,"minecraft:iron_boots":1,"minecraft:stone_slab":3,"minecraft:spruce_planks":21,"minecraft:golden_leggings":2,"minecraft:blue_orchid":1,"minecraft:bow":2,"minecraft:stone_pickaxe":5,"minecraft:wooden_pickaxe":3,"minecraft:calcite":8},"minecraft:mined":{"minecraft:large_amethyst_bud":3,"minecraft:spruce_planks":4,"minecraft:white_bed":1,"minecraft:carved_pumpkin":34,"minecraft:granite":14,"minecraft:acacia_log":15,"minecraft:grass_block":44,"minecraft:cobbled_deepslate":2,"minecraft:iron_ore":101,"minecraft:barrel":7,"minecraft:pumpkin":8,"minecraft:pointed_dripstone":4,"minecraft:water_cauldron":2,"minecraft:deepslate_redstone_ore":14,"minecraft:medium_amethyst_bud":1,"minecraft:amethyst_cluster":1,"minecraft:torch":8,"minecraft:cobblestone":59,"minecraft:grindstone":2,"minecraft:oak_planks":7,"minecraft:sugar_cane":1,"minecraft:damaged_anvil":1,"minecraft:wall_torch":4,"minecraft:cauldron":3,"minecraft:wheat":6,"minecraft:smooth_stone_slab":15,"minecraft:grass":42,"minecraft:oak_log":6,"minecraft:dirt":58,"minecraft:stonecutter":2,"minecraft:oak_leaves":1,"minecraft:deepslate":126,"minecraft:tuff":8,"minecraft:deepslate_diamond_ore":11,"minecraft:oak_door":4,"minecraft:spruce_leaves":8,"minecraft:acacia_slab":3,"minecraft:large_fern":2,"minecraft:redstone_ore":2,"minecraft:furnace":4,"minecraft:snow":194,"minecraft:andesite":38,"minecraft:stripped_spruce_log":48,"minecraft:deepslate_iron_ore":29,"minecraft:lantern":1,"minecraft:stone":339,"minecraft:acacia_leaves":1,"minecraft:snow_block":3,"minecraft:crafting_table":8,"minecraft:cornflower":3,"minecraft:spruce_button":2,"minecraft:copper_ore":11,"minecraft:tall_grass":9,"minecraft:lapis_ore":8,"minecraft:deepslate_gold_ore":15,"minecraft:diorite":1,"minecraft:cobblestone_wall":10,"minecraft:spruce_log":9,"minecraft:coal_ore":89,"minecraft:dripstone_block":28,"minecraft:gravel":11,"minecraft:cyan_carpet":2,"minecraft:cobweb":48,"minecraft:acacia_planks":6,"minecraft:gold_ore":11,"minecraft:fern":8},"minecraft:broken":{"minecraft:stone_pickaxe":1,"minecraft:stone_shovel":1,"minecraft:iron_pickaxe":1}},"DataVersion":3465}