{"stats":{"minecraft:used":{"minecraft:acacia_log":1,"minecraft:stone_pickaxe":3,"minecraft:oak_planks":7,"minecraft:spruce_planks":4,"minecraft:wooden_pickaxe":11,"minecraft:oak_door":4,"minecraft:torch":4,"minecraft:dirt":2,"minecraft:crafting_table":5,"minecraft:stripped_spruce_log":1,"minecraft:lantern":1,"minecraft:gravel":6,"minecraft:stone_axe":21,"minecraft:wooden_sword":3,"minecraft:beef":1,"minecraft:egg":1},"minecraft:custom":{"minecraft:mob_kills":2,"minecraft:interact_with_crafting_table":15,"minecraft:leave_game":7,"minecraft:time_since_death":8090,"minecraft:climb_one_cm":3046,"minecraft:time_since_rest":8216,"minecraft:sprint_one_cm":125645,"minecraft:damage_taken":2145,"minecraft:walk_one_cm":185747,"minecraft:drop":26,"minecraft:damage_dealt":190,"minecraft:swim_one_cm":2807,"minecraft:fly_one_cm":243457,"minecraft:crouch_one_cm":365,"minecraft:play_time":48654,"minecraft:deaths":7,"minecraft:sneak_time":426,"minecraft:walk_under_water_one_cm":14070,"minecraft:jump":1054,"minecraft:walk_on_water_one_cm":3341,"minecraft:total_world_time":48654,"minecraft:fall_one_cm":28116},"minecraft:killed_by":{"minecraft:vindicator":1,"minecraft:zombie":1,"minecraft:pillager":1},"minecraft:crafted":{"minecraft:wooden_sword":1,"minecraft:oak_planks":24,"minecraft:crafting_table":1,"minecraft:spruce_planks":36,"minecraft:wooden_pickaxe":2,"minecraft:stone_axe":1,"minecraft:stick":16,"minecraft:stone_pickaxe":2,"minecraft:stone_sword":1,"minecraft:acacia_planks":24,"minecraft:torch":4},"minecraft:picked_up":{"minecraft:crafting_table":6,"minecraft:leather":2,"minecraft:wooden_pickaxe":1,"minecraft:oak_log":6,"minecraft:cornflower":2,"minecraft:dirt":12,"minecraft:lantern":2,"minecraft:wooden_sword":1,"minecraft:wheat_seeds":1,"minecraft:spruce_planks":4,"minecraft:beef":3,"minecraft:stone_pickaxe":1,"minecraft:oak_planks":18,"minecraft:egg":1,"minecraft:stick":6,"minecraft:oak_door":4,"minecraft:torch":8,"minecraft:acacia_log":9,"minecraft:dripstone_block":1,"minecraft:gravel":6,"minecraft:stripped_spruce_log":14,"minecraft:coal":1,"minecraft:cobblestone":11},"minecraft:killed":{"minecraft:salmon":1,"minecraft:cow":1},"minecraft:dropped":{"minecraft:crafting_table":1,"minecraft:dripstone_block":1,"minecraft:oak_planks":11,"minecraft:leather":1,"minecraft:stick":4,"minecraft:dirt":1,"minecraft:torch":4,"minecraft:cornflower":1,"minecraft:wooden_sword":1,"minecraft:stone_pickaxe":1,"minecraft:beef":1,"minecraft:wooden_pickaxe":1},"minecraft:mined":{"minecraft:large_amethyst_bud":1,"minecraft:acacia_leaves":1,"minecraft:spruce_planks":4,"minecraft:oak_door":4,"minecraft:crafting_table":5,"minecraft:cornflower":1,"minecraft:torch":4,"minecraft:acacia_log":10,"minecraft:grass_block":3,"minecraft:spruce_leaves":1,"minecraft:oak_planks":7,"minecraft:stripped_spruce_log":13,"minecraft:grass":1,"minecraft:oak_log":6,"minecraft:coal_ore":1,"minecraft:lantern":1,"minecraft:dirt":8,"minecraft:gravel":7,"minecraft:stone":11,"minecraft:oak_leaves":1}},"DataVersion":3465}