{"stats":{"minecraft:used":{"minecraft:stone_sword":191,"minecraft:acacia_log":1,"minecraft:stone_shovel":73,"minecraft:ladder":9,"minecraft:chest":2,"minecraft:shield":4,"minecraft:iron_sword":179,"minecraft:wooden_shovel":2,"minecraft:cooked_chicken":3,"minecraft:torch":41,"minecraft:dirt":37,"minecraft:wooden_axe":8,"minecraft:furnace":5,"minecraft:cooked_beef":5,"minecraft:acacia_planks":2,"minecraft:cobbled_deepslate":1,"minecraft:pumpkin":1,"minecraft:cooked_mutton":1,"minecraft:spruce_door":1,"minecraft:stone_pickaxe":178,"minecraft:wooden_pickaxe":58,"minecraft:crafting_table":5,"minecraft:bread":1,"minecraft:iron_pickaxe":1001,"minecraft:stone_axe":51,"minecraft:cobblestone":264,"minecraft:cooked_porkchop":18,"minecraft:andesite":10},"minecraft:custom":{"minecraft:mob_kills":36,"minecraft:interact_with_crafting_table":34,"minecraft:time_since_death":49832,"minecraft:climb_one_cm":4253,"minecraft:sprint_one_cm":605743,"minecraft:walk_one_cm":706470,"minecraft:damage_blocked_by_shield":255,"minecraft:drop":19,"minecraft:play_time":319404,"minecraft:deaths":7,"minecraft:sneak_time":867,"minecraft:walk_under_water_one_cm":19208,"minecraft:jump":1757,"minecraft:walk_on_water_one_cm":14391,"minecraft:total_world_time":319404,"minecraft:interact_with_furnace":39,"minecraft:interact_with_grindstone":1,"minecraft:sleep_in_bed":6,"minecraft:time_since_rest":49867,"minecraft:damage_taken":3796,"minecraft:damage_dealt":4792,"minecraft:swim_one_cm":2386,"minecraft:fly_one_cm":87866,"minecraft:open_chest":48,"minecraft:crouch_one_cm":2009,"minecraft:interact_with_smoker":4,"minecraft:fall_one_cm":18128},"minecraft:killed_by":{"minecraft:spider":1,"minecraft:enderman":1,"minecraft:vindicator":1,"minecraft:skeleton":3,"minecraft:zombie":1},"minecraft:crafted":{"minecraft:wooden_sword":2,"minecraft:stone_shovel":2,"minecraft:cooked_chicken":3,"minecraft:furnace":2,"minecraft:cooked_mutton":2,"minecraft:iron_boots":1,"minecraft:ladder":9,"minecraft:stone_pickaxe":2,"minecraft:chest":2,"minecraft:cooked_beef":2,"minecraft:wooden_shovel":1,"minecraft:cooked_porkchop":21,"minecraft:crafting_table":4,"minecraft:spruce_planks":80,"minecraft:wooden_pickaxe":2,"minecraft:iron_helmet":1,"minecraft:iron_sword":1,"minecraft:spruce_door":3,"minecraft:acacia_button":1,"minecraft:stone_axe":1,"minecraft:iron_chestplate":1,"minecraft:shield":1,"minecraft:stick":76,"minecraft:iron_ingot":44,"minecraft:iron_pickaxe":4,"minecraft:wooden_axe":1,"minecraft:stone_sword":3,"minecraft:iron_leggings":1,"minecraft:acacia_planks":80,"minecraft:torch":96},"minecraft:picked_up":{"minecraft:wooden_axe":2,"minecraft:iron_chestplate":1,"minecraft:crafting_table":1,"minecraft:chicken":6,"minecraft:wooden_pickaxe":5,"minecraft:shield":1,"minecraft:cornflower":39,"minecraft:string":17,"minecraft:raw_copper":139,"minecraft:wooden_sword":2,"minecraft:iron_leggings":1,"minecraft:blue_orchid":16,"minecraft:cobbled_deepslate":220,"minecraft:spruce_planks":67,"minecraft:beef":11,"minecraft:wooden_shovel":2,"minecraft:iron_pickaxe":4,"minecraft:sugar_cane":36,"minecraft:iron_boots":1,"minecraft:furnace":3,"minecraft:egg":8,"minecraft:stick":45,"minecraft:raw_iron":66,"minecraft:torch":54,"minecraft:acacia_log":38,"minecraft:porkchop":29,"minecraft:redstone":63,"minecraft:rotten_flesh":22,"minecraft:stone_sword":4,"minecraft:arrow":5,"minecraft:stone_shovel":3,"minecraft:mutton":4,"minecraft:snowball":3,"minecraft:white_wool":2,"minecraft:cobblestone":845,"minecraft:feather":4,"minecraft:cooked_beef":10,"minecraft:andesite":133,"minecraft:leather":10,"minecraft:flint":14,"minecraft:tuff":21,"minecraft:cobblestone_stairs":2,"minecraft:dirt":124,"minecraft:lapis_lazuli":9,"minecraft:leather_boots":2,"minecraft:bone":9,"minecraft:acacia_planks":132,"minecraft:wheat_seeds":12,"minecraft:orange_tulip":4,"minecraft:raw_gold":6,"minecraft:cooked_chicken":5,"minecraft:stone_pickaxe":2,"minecraft:iron_ingot":22,"minecraft:acacia_sapling":4,"minecraft:iron_sword":2,"minecraft:cooked_porkchop":11,"minecraft:pumpkin":1,"minecraft:gravel":69,"minecraft:dripstone_block":47,"minecraft:stripped_spruce_log":22,"minecraft:spider_eye":2,"minecraft:mossy_cobblestone":4,"minecraft:diamond":9,"minecraft:stone_axe":4,"minecraft:iron_helmet":1,"minecraft:granite":14,"minecraft:warped_roots":8,"minecraft:coal":186},"minecraft:killed":{"minecraft:cave_spider":1,"minecraft:spider":3,"minecraft:skeleton":3,"minecraft:chicken":4,"minecraft:pig":13,"minecraft:sheep":2,"minecraft:zombie":6,"minecraft:cow":4},"minecraft:dropped":{"minecraft:diamond":7,"minecraft:orange_tulip":1,"minecraft:cornflower":2,"minecraft:wooden_axe":2,"minecraft:snowball":1,"minecraft:wooden_sword":2,"minecraft:white_wool":2,"minecraft:rotten_flesh":2,"minecraft:wooden_shovel":2,"minecraft:acacia_sapling":1,"minecraft:wooden_pickaxe":3,"minecraft:stone_pickaxe":1},"minecraft:mined":{"minecraft:diamond_ore":1,"minecraft:large_amethyst_bud":1,"minecraft:tuff":21,"minecraft:mossy_cobblestone":5,"minecraft:deepslate_diamond_ore":6,"minecraft:glow_lichen":14,"minecraft:acacia_log":31,"minecraft:grass_block":18,"minecraft:furnace":3,"minecraft:nether_sprouts":7,"minecraft:iron_ore":53,"minecraft:snow":1,"minecraft:andesite":113,"minecraft:stripped_spruce_log":22,"minecraft:pumpkin":1,"minecraft:deepslate_iron_ore":13,"minecraft:vine":2,"minecraft:blue_orchid":13,"minecraft:stone":564,"minecraft:deepslate_redstone_ore":14,"minecraft:crafting_table":1,"minecraft:cornflower":38,"minecraft:torch":1,"minecraft:warped_roots":8,"minecraft:copper_ore":12,"minecraft:tall_grass":1,"minecraft:cobblestone":29,"minecraft:deepslate_gold_ore":6,"minecraft:lapis_ore":2,"minecraft:sugar_cane":9,"minecraft:wall_torch":1,"minecraft:orange_tulip":3,"minecraft:grass":50,"minecraft:coal_ore":87,"minecraft:gravel":59,"minecraft:dirt":38,"minecraft:cobweb":5,"minecraft:acacia_planks":24,"minecraft:deepslate":255,"minecraft:fern":33},"minecraft:broken":{"minecraft:stone_sword":1,"minecraft:stone_pickaxe":1,"minecraft:iron_pickaxe":4}},"DataVersion":3465}