{"stats":{"minecraft:used":{"minecraft:stone_sword":191,"minecraft:acacia_log":1,"minecraft:stone_shovel":60,"minecraft:ladder":9,"minecraft:chest":2,"minecraft:shield":4,"minecraft:iron_sword":168,"minecraft:wooden_shovel":2,"minecraft:cooked_chicken":3,"minecraft:torch":34,"minecraft:dirt":37,"minecraft:wooden_axe":8,"minecraft:furnace":5,"minecraft:cooked_beef":5,"minecraft:acacia_planks":2,"minecraft:cobbled_deepslate":1,"minecraft:pumpkin":1,"minecraft:cooked_mutton":1,"minecraft:spruce_door":1,"minecraft:stone_pickaxe":178,"minecraft:wooden_pickaxe":58,"minecraft:crafting_table":5,"minecraft:iron_pickaxe":718,"minecraft:stone_axe":51,"minecraft:cobblestone":173,"minecraft:cooked_porkchop":17,"minecraft:andesite":10},"minecraft:custom":{"minecraft:mob_kills":36,"minecraft:interact_with_crafting_table":34,"minecraft:time_since_death":25832,"minecraft:climb_one_cm":4253,"minecraft:sprint_one_cm":561336,"minecraft:walk_one_cm":647541,"minecraft:damage_blocked_by_shield":255,"minecraft:drop":16,"minecraft:play_time":295404,"minecraft:deaths":7,"minecraft:sneak_time":404,"minecraft:walk_under_water_one_cm":19208,"minecraft:jump":1420,"minecraft:walk_on_water_one_cm":10313,"minecraft:total_world_time":295404,"minecraft:interact_with_furnace":39,"minecraft:interact_with_grindstone":1,"minecraft:sleep_in_bed":6,"minecraft:time_since_rest":25867,"minecraft:damage_taken":3686,"minecraft:damage_dealt":4732,"minecraft:swim_one_cm":2386,"minecraft:fly_one_cm":80436,"minecraft:open_chest":43,"minecraft:crouch_one_cm":1204,"minecraft:interact_with_smoker":4,"minecraft:fall_one_cm":15608},"minecraft:killed_by":{"minecraft:spider":1,"minecraft:enderman":1,"minecraft:vindicator":1,"minecraft:skeleton":3,"minecraft:zombie":1},"minecraft:crafted":{"minecraft:wooden_sword":2,"minecraft:stone_shovel":2,"minecraft:cooked_chicken":3,"minecraft:furnace":2,"minecraft:cooked_mutton":2,"minecraft:iron_boots":1,"minecraft:ladder":9,"minecraft:stone_pickaxe":2,"minecraft:chest":2,"minecraft:cooked_beef":2,"minecraft:wooden_shovel":1,"minecraft:cooked_porkchop":21,"minecraft:crafting_table":4,"minecraft:spruce_planks":80,"minecraft:wooden_pickaxe":2,"minecraft:iron_helmet":1,"minecraft:iron_sword":1,"minecraft:spruce_door":3,"minecraft:acacia_button":1,"minecraft:stone_axe":1,"minecraft:iron_chestplate":1,"minecraft:shield":1,"minecraft:stick":76,"minecraft:iron_ingot":44,"minecraft:iron_pickaxe":4,"minecraft:wooden_axe":1,"minecraft:stone_sword":3,"minecraft:iron_leggings":1,"minecraft:acacia_planks":80,"minecraft:torch":84},"minecraft:picked_up":{"minecraft:wooden_axe":2,"minecraft:iron_chestplate":1,"minecraft:crafting_table":1,"minecraft:chicken":6,"minecraft:wooden_pickaxe":5,"minecraft:shield":1,"minecraft:cornflower":39,"minecraft:string":17,"minecraft:raw_copper":134,"minecraft:wooden_sword":2,"minecraft:iron_leggings":1,"minecraft:blue_orchid":16,"minecraft:cobbled_deepslate":112,"minecraft:spruce_planks":67,"minecraft:beef":11,"minecraft:wooden_shovel":2,"minecraft:iron_pickaxe":4,"minecraft:sugar_cane":36,"minecraft:iron_boots":1,"minecraft:furnace":3,"minecraft:egg":8,"minecraft:stick":45,"minecraft:raw_iron":58,"minecraft:torch":54,"minecraft:acacia_log":38,"minecraft:porkchop":29,"minecraft:rotten_flesh":22,"minecraft:stone_sword":4,"minecraft:arrow":5,"minecraft:stone_shovel":3,"minecraft:mutton":4,"minecraft:snowball":3,"minecraft:white_wool":2,"minecraft:cobblestone":841,"minecraft:feather":4,"minecraft:cooked_beef":10,"minecraft:andesite":77,"minecraft:leather":10,"minecraft:flint":12,"minecraft:tuff":13,"minecraft:cobblestone_stairs":2,"minecraft:dirt":124,"minecraft:lapis_lazuli":9,"minecraft:leather_boots":2,"minecraft:bone":9,"minecraft:acacia_planks":132,"minecraft:wheat_seeds":12,"minecraft:orange_tulip":4,"minecraft:cooked_chicken":5,"minecraft:stone_pickaxe":2,"minecraft:iron_ingot":22,"minecraft:acacia_sapling":4,"minecraft:iron_sword":2,"minecraft:cooked_porkchop":11,"minecraft:pumpkin":1,"minecraft:gravel":45,"minecraft:dripstone_block":47,"minecraft:stripped_spruce_log":22,"minecraft:spider_eye":2,"minecraft:mossy_cobblestone":4,"minecraft:diamond":3,"minecraft:stone_axe":4,"minecraft:iron_helmet":1,"minecraft:granite":14,"minecraft:warped_roots":8,"minecraft:coal":186},"minecraft:killed":{"minecraft:cave_spider":1,"minecraft:spider":3,"minecraft:skeleton":3,"minecraft:chicken":4,"minecraft:pig":13,"minecraft:sheep":2,"minecraft:zombie":6,"minecraft:cow":4},"minecraft:dropped":{"minecraft:orange_tulip":1,"minecraft:cornflower":2,"minecraft:wooden_axe":2,"minecraft:snowball":1,"minecraft:wooden_sword":2,"minecraft:white_wool":2,"minecraft:wooden_shovel":2,"minecraft:acacia_sapling":1,"minecraft:wooden_pickaxe":3,"minecraft:stone_pickaxe":1},"minecraft:mined":{"minecraft:diamond_ore":1,"minecraft:large_amethyst_bud":1,"minecraft:tuff":13,"minecraft:mossy_cobblestone":5,"minecraft:glow_lichen":5,"minecraft:acacia_log":31,"minecraft:grass_block":16,"minecraft:furnace":3,"minecraft:nether_sprouts":7,"minecraft:iron_ore":51,"minecraft:snow":1,"minecraft:andesite":54,"minecraft:stripped_spruce_log":22,"minecraft:pumpkin":1,"minecraft:deepslate_iron_ore":7,"minecraft:vine":2,"minecraft:blue_orchid":13,"minecraft:stone":560,"minecraft:crafting_table":1,"minecraft:cornflower":37,"minecraft:torch":1,"minecraft:warped_roots":8,"minecraft:copper_ore":11,"minecraft:tall_grass":1,"minecraft:cobblestone":29,"minecraft:lapis_ore":2,"minecraft:sugar_cane":9,"minecraft:wall_torch":1,"minecraft:orange_tulip":2,"minecraft:grass":46,"minecraft:coal_ore":87,"minecraft:gravel":33,"minecraft:dirt":38,"minecraft:cobweb":5,"minecraft:acacia_planks":24,"minecraft:deepslate":99,"minecraft:fern":31},"minecraft:broken":{"minecraft:stone_sword":1,"minecraft:stone_pickaxe":1,"minecraft:iron_pickaxe":2}},"DataVersion":3465}