{"stats":{"minecraft:used":{"minecraft:stone_sword":3,"minecraft:stone_pickaxe":47,"minecraft:stone_shovel":15,"minecraft:wooden_pickaxe":23,"minecraft:wooden_shovel":2,"minecraft:torch":1,"minecraft:dirt":3,"minecraft:crafting_table":1,"minecraft:wooden_axe":8},"minecraft:custom":{"minecraft:mob_kills":1,"minecraft:interact_with_crafting_table":2,"minecraft:time_since_death":0,"minecraft:time_since_rest":2627,"minecraft:sprint_one_cm":105574,"minecraft:damage_taken":1340,"minecraft:walk_one_cm":74828,"minecraft:drop":15,"minecraft:damage_dealt":292,"minecraft:fly_one_cm":12177,"minecraft:crouch_one_cm":103,"minecraft:play_time":49404,"minecraft:deaths":5,"minecraft:sneak_time":27,"minecraft:jump":192,"minecraft:total_world_time":49404,"minecraft:fall_one_cm":4280},"minecraft:killed_by":{"minecraft:vindicator":1,"minecraft:skeleton":2,"minecraft:spider":1,"minecraft:enderman":1},"minecraft:crafted":{"minecraft:wooden_sword":1,"minecraft:wooden_shovel":1,"minecraft:stone_shovel":1,"minecraft:crafting_table":1,"minecraft:spruce_planks":32,"minecraft:wooden_pickaxe":1,"minecraft:stick":16,"minecraft:stone_pickaxe":1,"minecraft:wooden_axe":1,"minecraft:stone_sword":2,"minecraft:torch":16},"minecraft:picked_up":{"minecraft:wooden_axe":2,"minecraft:feather":2,"minecraft:chicken":1,"minecraft:wooden_pickaxe":5,"minecraft:flint":11,"minecraft:string":2,"minecraft:cornflower":11,"minecraft:dirt":41,"minecraft:raw_copper":64,"minecraft:wooden_sword":2,"minecraft:bone":1,"minecraft:blue_orchid":7,"minecraft:acacia_planks":38,"minecraft:orange_tulip":2,"minecraft:wheat_seeds":4,"minecraft:spruce_planks":67,"minecraft:stone_pickaxe":2,"minecraft:cooked_chicken":4,"minecraft:wooden_shovel":2,"minecraft:acacia_sapling":2,"minecraft:stick":15,"minecraft:raw_iron":4,"minecraft:torch":20,"minecraft:acacia_log":16,"minecraft:dripstone_block":47,"minecraft:gravel":32,"minecraft:porkchop":6,"minecraft:stripped_spruce_log":10,"minecraft:spider_eye":2,"minecraft:stone_sword":4,"minecraft:arrow":1,"minecraft:stone_shovel":1,"minecraft:rotten_flesh":12,"minecraft:stone_axe":2,"minecraft:granite":14,"minecraft:warped_roots":3,"minecraft:snowball":3,"minecraft:coal":6,"minecraft:cobblestone":224},"minecraft:killed":{"minecraft:pig":1},"minecraft:mined":{"minecraft:cornflower":7,"minecraft:acacia_log":8,"minecraft:warped_roots":2,"minecraft:copper_ore":2,"minecraft:nether_sprouts":2,"minecraft:snow":1,"minecraft:stripped_spruce_log":10,"minecraft:orange_tulip":1,"minecraft:grass":4,"minecraft:coal_ore":5,"minecraft:gravel":19,"minecraft:stone":60,"minecraft:blue_orchid":4,"minecraft:fern":5},"minecraft:dropped":{"minecraft:orange_tulip":1,"minecraft:cornflower":2,"minecraft:wooden_axe":2,"minecraft:acacia_sapling":1,"minecraft:snowball":1,"minecraft:wooden_shovel":2,"minecraft:wooden_sword":2,"minecraft:stone_pickaxe":1,"minecraft:wooden_pickaxe":3}},"DataVersion":3465}