{"stats":{"minecraft:dropped":{"minecraft:iron_ingot":2,"minecraft:wheat_seeds":64,"minecraft:diamond":9,"minecraft:iron_helmet":1,"minecraft:orange_tulip":1,"minecraft:feather":1,"minecraft:dirt":23,"minecraft:cornflower":2,"minecraft:wooden_axe":2,"minecraft:snowball":1,"minecraft:iron_leggings":1,"minecraft:wooden_sword":2,"minecraft:iron_axe":1,"minecraft:iron_shovel":1,"minecraft:white_wool":2,"minecraft:stone_shovel":1,"minecraft:rotten_flesh":5,"minecraft:iron_boots":1,"minecraft:poppy":1,"minecraft:iron_chestplate":1,"minecraft:acacia_sapling":2,"minecraft:wooden_shovel":2,"minecraft:spider_eye":2,"minecraft:slime_ball":1,"minecraft:wooden_pickaxe":3,"minecraft:stone_pickaxe":1,"minecraft:raw_gold":23,"minecraft:acacia_fence":1},"minecraft:killed_by":{"minecraft:creeper":1,"minecraft:spider":2,"minecraft:enderman":1,"minecraft:vindicator":1,"minecraft:skeleton":3,"minecraft:zombie":1},"minecraft:picked_up":{"minecraft:wooden_axe":2,"minecraft:wheat":44,"minecraft:crafting_table":1,"minecraft:iron_chestplate":3,"minecraft:chicken":7,"minecraft:diamond_sword":2,"minecraft:wooden_pickaxe":5,"minecraft:diamond_horse_armor":1,"minecraft:shield":3,"minecraft:cornflower":41,"minecraft:string":28,"minecraft:raw_copper":139,"minecraft:iron_axe":2,"minecraft:wooden_sword":2,"minecraft:iron_leggings":3,"minecraft:iron_shovel":2,"minecraft:blue_orchid":16,"minecraft:cobbled_deepslate":405,"minecraft:bucket":2,"minecraft:spruce_planks":86,"minecraft:beef":11,"minecraft:wooden_shovel":2,"minecraft:poppy":1,"minecraft:iron_pickaxe":4,"minecraft:light_gray_wool":1,"minecraft:sugar_cane":36,"minecraft:furnace":3,"minecraft:iron_boots":4,"minecraft:egg":9,"minecraft:stick":83,"minecraft:raw_iron":79,"minecraft:acacia_fence":8,"minecraft:deepslate_brick_wall":1,"minecraft:torch":144,"minecraft:acacia_log":38,"minecraft:spruce_fence":1,"minecraft:porkchop":43,"minecraft:redstone":126,"minecraft:stone_sword":4,"minecraft:arrow":9,"minecraft:rotten_flesh":29,"minecraft:stone_shovel":5,"minecraft:saddle":1,"minecraft:mutton":10,"minecraft:snowball":12,"minecraft:white_wool":4,"minecraft:cobblestone":936,"minecraft:feather":7,"minecraft:cooked_beef":12,"minecraft:glow_ink_sac":8,"minecraft:andesite":189,"minecraft:leather":10,"minecraft:flint":20,"minecraft:tuff":35,"scout:pouch":1,"minecraft:golden_boots":1,"minecraft:gunpowder":8,"minecraft:cobblestone_stairs":2,"minecraft:lapis_lazuli":9,"minecraft:dirt":152,"minecraft:name_tag":2,"minecraft:leather_boots":2,"minecraft:cooked_mutton":1,"minecraft:bone":10,"minecraft:acacia_planks":191,"minecraft:bow":1,"minecraft:wheat_seeds":121,"minecraft:orange_tulip":4,"minecraft:raw_gold":29,"minecraft:iron_ingot":35,"minecraft:stone_pickaxe":2,"minecraft:cooked_chicken":5,"minecraft:iron_sword":3,"minecraft:acacia_sapling":5,"minecraft:smooth_basalt":2,"minecraft:cooked_porkchop":22,"minecraft:pumpkin":2,"minecraft:dripstone_block":47,"minecraft:gravel":69,"minecraft:amethyst_shard":8,"minecraft:stripped_spruce_log":41,"minecraft:spruce_log":3,"minecraft:spider_eye":4,"minecraft:mossy_cobblestone":4,"minecraft:spruce_fence_gate":1,"minecraft:slime_ball":2,"minecraft:diamond":35,"minecraft:stone_axe":5,"minecraft:iron_helmet":3,"minecraft:granite":14,"minecraft:bread":10,"minecraft:golden_apple":4,"minecraft:golden_horse_armor":1,"minecraft:warped_roots":8,"minecraft:black_wool":1,"minecraft:coal":257,"minecraft:diamond_pickaxe":2},"minecraft:mined":{"minecraft:large_amethyst_bud":1,"minecraft:diamond_ore":1,"minecraft:tuff":35,"minecraft:mossy_cobblestone":5,"minecraft:deepslate_diamond_ore":22,"minecraft:glow_lichen":17,"minecraft:budding_amethyst":1,"minecraft:acacia_log":31,"minecraft:spruce_fence":1,"minecraft:grass_block":19,"minecraft:spruce_leaves":95,"minecraft:large_fern":1,"minecraft:furnace":3,"minecraft:nether_sprouts":7,"minecraft:iron_ore":59,"minecraft:cobbled_deepslate":7,"minecraft:snow":1,"minecraft:andesite":113,"minecraft:stripped_spruce_log":46,"minecraft:pumpkin":2,"minecraft:vine":3,"minecraft:deepslate_iron_ore":20,"minecraft:stone":630,"minecraft:blue_orchid":13,"minecraft:deepslate_redstone_ore":14,"minecraft:acacia_leaves":7,"minecraft:amethyst_cluster":1,"minecraft:crafting_table":1,"minecraft:cornflower":40,"minecraft:torch":2,"minecraft:poppy":1,"minecraft:warped_roots":8,"minecraft:cobblestone":31,"minecraft:tall_grass":13,"minecraft:copper_ore":12,"minecraft:deepslate_gold_ore":29,"minecraft:lapis_ore":2,"minecraft:sugar_cane":9,"minecraft:wall_torch":2,"minecraft:wheat":25,"minecraft:spruce_log":3,"minecraft:orange_tulip":3,"minecraft:grass":66,"minecraft:coal_ore":101,"minecraft:acacia_fence":3,"minecraft:gravel":62,"minecraft:dirt":42,"minecraft:cobweb":7,"minecraft:acacia_planks":24,"minecraft:spruce_fence_gate":1,"minecraft:deepslate":466,"minecraft:fern":34,"minecraft:infested_deepslate":5},"minecraft:crafted":{"minecraft:wooden_sword":2,"minecraft:stone_shovel":2,"minecraft:cooked_chicken":4,"minecraft:furnace":3,"minecraft:stone_button":1,"minecraft:spruce_fence":23,"minecraft:cooked_mutton":8,"minecraft:diamond_helmet":1,"minecraft:diamond_leggings":1,"minecraft:bow":1,"minecraft:iron_boots":1,"minecraft:iron_axe":1,"minecraft:ladder":9,"minecraft:stone_pickaxe":2,"minecraft:chest":2,"minecraft:diamond_boots":1,"minecraft:acacia_fence":6,"minecraft:cooked_beef":2,"minecraft:wooden_shovel":1,"minecraft:diamond_sword":1,"minecraft:arrow":4,"minecraft:cooked_porkchop":34,"minecraft:crafting_table":7,"minecraft:spruce_planks":148,"minecraft:iron_helmet":1,"minecraft:wooden_pickaxe":2,"minecraft:iron_sword":1,"minecraft:spruce_door":3,"minecraft:acacia_button":2,"minecraft:stone_axe":1,"minecraft:bread":14,"scout:pouch":1,"minecraft:iron_chestplate":1,"minecraft:diamond_pickaxe":1,"minecraft:shield":1,"minecraft:stick":132,"minecraft:iron_ingot":44,"minecraft:iron_pickaxe":4,"minecraft:wooden_axe":1,"minecraft:stone_sword":3,"minecraft:iron_shovel":1,"minecraft:iron_leggings":1,"minecraft:acacia_planks":80,"minecraft:spruce_fence_gate":2,"minecraft:torch":96,"minecraft:diamond_chestplate":1},"minecraft:broken":{"minecraft:stone_sword":1,"minecraft:stone_pickaxe":1,"minecraft:iron_pickaxe":4},"minecraft:custom":{"minecraft:interact_with_anvil":3,"minecraft:mob_kills":75,"minecraft:open_barrel":1,"minecraft:interact_with_crafting_table":59,"minecraft:leave_game":2,"minecraft:time_since_death":125349,"minecraft:climb_one_cm":5273,"minecraft:sprint_one_cm":1200062,"minecraft:walk_one_cm":1229106,"minecraft:damage_blocked_by_shield":465,"minecraft:drop":43,"minecraft:talked_to_villager":3,"minecraft:play_time":566458,"minecraft:sneak_time":1133,"minecraft:deaths":9,"minecraft:walk_under_water_one_cm":21354,"minecraft:jump":3176,"minecraft:interact_with_brewingstand":1,"minecraft:interact_with_blast_furnace":1,"minecraft:walk_on_water_one_cm":23801,"minecraft:total_world_time":566458,"minecraft:interact_with_furnace":43,"minecraft:interact_with_cartography_table":7,"minecraft:interact_with_grindstone":1,"minecraft:sleep_in_bed":6,"minecraft:time_since_rest":125377,"minecraft:damage_taken":5952,"minecraft:damage_dealt":11094,"minecraft:swim_one_cm":2706,"minecraft:fly_one_cm":243446,"minecraft:open_chest":106,"minecraft:crouch_one_cm":2866,"minecraft:interact_with_smoker":12,"minecraft:use_cauldron":1,"minecraft:fall_one_cm":36380,"minecraft:horse_one_cm":187578},"minecraft:killed":{"minecraft:cave_spider":1,"minecraft:spider":5,"minecraft:slime":3,"minecraft:skeleton":5,"minecraft:chicken":5,"minecraft:silverfish":9,"minecraft:pig":20,"minecraft:creeper":2,"minecraft:sheep":6,"minecraft:zombie":14,"minecraft:glow_squid":1,"minecraft:cow":4},"minecraft:used":{"minecraft:stone_sword":191,"minecraft:acacia_log":1,"minecraft:stone_shovel":73,"minecraft:ladder":9,"minecraft:spruce_planks":9,"minecraft:chest":2,"minecraft:shield":7,"minecraft:stone":5,"minecraft:iron_sword":179,"minecraft:wooden_shovel":2,"minecraft:cooked_chicken":4,"minecraft:torch":67,"minecraft:dirt":37,"minecraft:spruce_fence":17,"minecraft:stripped_spruce_log":5,"minecraft:wooden_axe":8,"minecraft:iron_axe":150,"minecraft:bow":3,"minecraft:sweet_berries":3,"minecraft:furnace":6,"minecraft:acacia_fence":3,"minecraft:cooked_beef":7,"minecraft:potato":5,"minecraft:acacia_planks":2,"minecraft:cobbled_deepslate":117,"minecraft:pumpkin":1,"minecraft:cooked_mutton":8,"minecraft:spruce_door":1,"minecraft:stone_pickaxe":178,"minecraft:wooden_pickaxe":58,"minecraft:spruce_fence_gate":3,"minecraft:crafting_table":8,"minecraft:diamond_pickaxe":390,"minecraft:bread":18,"minecraft:iron_pickaxe":1001,"minecraft:stone_axe":51,"minecraft:diamond_sword":184,"minecraft:cobblestone":275,"minecraft:cooked_porkchop":26,"minecraft:bucket":1,"minecraft:andesite":10}},"DataVersion":3465}