{"stats":{"minecraft:used":{"minecraft:stone_sword":191,"minecraft:acacia_log":1,"minecraft:stone_shovel":52,"minecraft:ladder":9,"minecraft:chest":2,"minecraft:iron_sword":107,"minecraft:wooden_shovel":2,"minecraft:cooked_chicken":2,"minecraft:torch":21,"minecraft:dirt":37,"minecraft:wooden_axe":8,"minecraft:furnace":5,"minecraft:cooked_beef":5,"minecraft:cobbled_deepslate":1,"minecraft:pumpkin":1,"minecraft:spruce_door":1,"minecraft:stone_pickaxe":178,"minecraft:wooden_pickaxe":58,"minecraft:crafting_table":5,"minecraft:iron_pickaxe":501,"minecraft:stone_axe":27,"minecraft:cobblestone":173,"minecraft:cooked_porkchop":11,"minecraft:andesite":10},"minecraft:custom":{"minecraft:mob_kills":28,"minecraft:interact_with_crafting_table":34,"minecraft:time_since_death":140846,"minecraft:climb_one_cm":3676,"minecraft:sprint_one_cm":518686,"minecraft:walk_one_cm":531447,"minecraft:drop":16,"minecraft:play_time":265404,"minecraft:deaths":6,"minecraft:sneak_time":357,"minecraft:walk_under_water_one_cm":10755,"minecraft:jump":1280,"minecraft:walk_on_water_one_cm":6273,"minecraft:total_world_time":265404,"minecraft:interact_with_furnace":32,"minecraft:interact_with_grindstone":1,"minecraft:sleep_in_bed":6,"minecraft:time_since_rest":79678,"minecraft:damage_taken":2693,"minecraft:damage_dealt":3256,"minecraft:swim_one_cm":817,"minecraft:fly_one_cm":76225,"minecraft:open_chest":31,"minecraft:crouch_one_cm":782,"minecraft:fall_one_cm":14610},"minecraft:killed_by":{"minecraft:spider":1,"minecraft:enderman":1,"minecraft:vindicator":1,"minecraft:skeleton":2,"minecraft:zombie":1},"minecraft:crafted":{"minecraft:wooden_sword":2,"minecraft:stone_shovel":2,"minecraft:cooked_chicken":2,"minecraft:furnace":2,"minecraft:iron_boots":1,"minecraft:ladder":9,"minecraft:stone_pickaxe":2,"minecraft:chest":2,"minecraft:cooked_beef":1,"minecraft:wooden_shovel":1,"minecraft:cooked_porkchop":21,"minecraft:crafting_table":4,"minecraft:spruce_planks":80,"minecraft:wooden_pickaxe":2,"minecraft:iron_helmet":1,"minecraft:iron_sword":1,"minecraft:spruce_door":3,"minecraft:acacia_button":1,"minecraft:stone_axe":1,"minecraft:iron_chestplate":1,"minecraft:shield":1,"minecraft:stick":76,"minecraft:iron_ingot":44,"minecraft:iron_pickaxe":4,"minecraft:wooden_axe":1,"minecraft:stone_sword":3,"minecraft:iron_leggings":1,"minecraft:acacia_planks":80,"minecraft:torch":44},"minecraft:picked_up":{"minecraft:wooden_axe":2,"minecraft:crafting_table":1,"minecraft:chicken":5,"minecraft:wooden_pickaxe":5,"minecraft:cornflower":39,"minecraft:string":9,"minecraft:raw_copper":96,"minecraft:wooden_sword":2,"minecraft:blue_orchid":16,"minecraft:cobbled_deepslate":15,"minecraft:spruce_planks":67,"minecraft:beef":8,"minecraft:wooden_shovel":2,"minecraft:iron_pickaxe":2,"minecraft:sugar_cane":18,"minecraft:furnace":3,"minecraft:egg":4,"minecraft:stick":32,"minecraft:raw_iron":51,"minecraft:torch":44,"minecraft:acacia_log":38,"minecraft:porkchop":29,"minecraft:rotten_flesh":16,"minecraft:stone_sword":4,"minecraft:arrow":1,"minecraft:stone_shovel":2,"minecraft:mutton":2,"minecraft:snowball":3,"minecraft:white_wool":2,"minecraft:cobblestone":715,"minecraft:feather":4,"minecraft:cooked_beef":9,"minecraft:andesite":34,"minecraft:leather":5,"minecraft:flint":11,"minecraft:cobblestone_stairs":1,"minecraft:dirt":104,"minecraft:lapis_lazuli":9,"minecraft:bone":1,"minecraft:acacia_planks":62,"minecraft:wheat_seeds":12,"minecraft:orange_tulip":4,"minecraft:cooked_chicken":5,"minecraft:stone_pickaxe":2,"minecraft:iron_ingot":12,"minecraft:acacia_sapling":4,"minecraft:iron_sword":1,"minecraft:cooked_porkchop":2,"minecraft:pumpkin":1,"minecraft:gravel":32,"minecraft:dripstone_block":47,"minecraft:stripped_spruce_log":22,"minecraft:spider_eye":2,"minecraft:mossy_cobblestone":4,"minecraft:diamond":2,"minecraft:stone_axe":3,"minecraft:granite":14,"minecraft:warped_roots":8,"minecraft:coal":127},"minecraft:killed":{"minecraft:spider":2,"minecraft:chicken":4,"minecraft:pig":13,"minecraft:sheep":2,"minecraft:zombie":3,"minecraft:cow":4},"minecraft:dropped":{"minecraft:orange_tulip":1,"minecraft:cornflower":2,"minecraft:wooden_axe":2,"minecraft:snowball":1,"minecraft:wooden_sword":2,"minecraft:white_wool":2,"minecraft:wooden_shovel":2,"minecraft:acacia_sapling":1,"minecraft:wooden_pickaxe":3,"minecraft:stone_pickaxe":1},"minecraft:mined":{"minecraft:diamond_ore":1,"minecraft:large_amethyst_bud":1,"minecraft:mossy_cobblestone":5,"minecraft:glow_lichen":2,"minecraft:acacia_log":31,"minecraft:grass_block":15,"minecraft:furnace":3,"minecraft:nether_sprouts":7,"minecraft:iron_ore":51,"minecraft:snow":1,"minecraft:andesite":35,"minecraft:stripped_spruce_log":22,"minecraft:pumpkin":1,"minecraft:vine":2,"minecraft:blue_orchid":13,"minecraft:stone":499,"minecraft:crafting_table":1,"minecraft:cornflower":37,"minecraft:warped_roots":8,"minecraft:copper_ore":9,"minecraft:tall_grass":1,"minecraft:cobblestone":29,"minecraft:lapis_ore":2,"minecraft:sugar_cane":9,"minecraft:wall_torch":1,"minecraft:orange_tulip":2,"minecraft:grass":46,"minecraft:coal_ore":66,"minecraft:gravel":19,"minecraft:dirt":38,"minecraft:cobweb":5,"minecraft:deepslate":15,"minecraft:fern":31},"minecraft:broken":{"minecraft:stone_sword":1,"minecraft:stone_pickaxe":1,"minecraft:iron_pickaxe":2}},"DataVersion":3465}