{"stats":{"minecraft:dropped":{"minecraft:diamond":7,"minecraft:orange_tulip":1,"minecraft:dirt":23,"minecraft:cornflower":2,"minecraft:wooden_axe":2,"minecraft:snowball":1,"minecraft:wooden_sword":2,"minecraft:iron_shovel":1,"minecraft:white_wool":2,"minecraft:stone_shovel":1,"minecraft:rotten_flesh":2,"minecraft:poppy":1,"minecraft:acacia_sapling":1,"minecraft:wooden_shovel":2,"minecraft:wooden_pickaxe":3,"minecraft:stone_pickaxe":1},"minecraft:killed_by":{"minecraft:creeper":1,"minecraft:spider":1,"minecraft:enderman":1,"minecraft:vindicator":1,"minecraft:skeleton":3,"minecraft:zombie":1},"minecraft:picked_up":{"minecraft:wooden_axe":2,"minecraft:wheat":10,"minecraft:crafting_table":1,"minecraft:iron_chestplate":2,"minecraft:chicken":7,"minecraft:diamond_sword":1,"minecraft:wooden_pickaxe":5,"minecraft:diamond_horse_armor":1,"minecraft:shield":2,"minecraft:cornflower":39,"minecraft:string":17,"minecraft:raw_copper":139,"minecraft:wooden_sword":2,"minecraft:iron_leggings":2,"minecraft:iron_shovel":1,"minecraft:blue_orchid":16,"minecraft:cobbled_deepslate":220,"minecraft:bucket":1,"minecraft:spruce_planks":67,"minecraft:beef":11,"minecraft:wooden_shovel":2,"minecraft:poppy":1,"minecraft:iron_pickaxe":4,"minecraft:sugar_cane":36,"minecraft:furnace":3,"minecraft:iron_boots":2,"minecraft:egg":9,"minecraft:stick":62,"minecraft:raw_iron":66,"minecraft:deepslate_brick_wall":1,"minecraft:torch":99,"minecraft:acacia_log":38,"minecraft:porkchop":30,"minecraft:redstone":126,"minecraft:stone_sword":4,"minecraft:arrow":6,"minecraft:rotten_flesh":22,"minecraft:stone_shovel":4,"minecraft:saddle":1,"minecraft:mutton":8,"minecraft:snowball":7,"minecraft:white_wool":4,"minecraft:cobblestone":857,"minecraft:feather":6,"minecraft:cooked_beef":12,"minecraft:andesite":189,"minecraft:leather":10,"minecraft:flint":17,"minecraft:tuff":21,"minecraft:gunpowder":3,"minecraft:cobblestone_stairs":2,"minecraft:lapis_lazuli":9,"minecraft:dirt":147,"minecraft:name_tag":1,"minecraft:leather_boots":2,"minecraft:cooked_mutton":1,"minecraft:bone":9,"minecraft:acacia_planks":185,"minecraft:wheat_seeds":56,"minecraft:orange_tulip":4,"minecraft:raw_gold":6,"minecraft:iron_ingot":32,"minecraft:stone_pickaxe":2,"minecraft:cooked_chicken":5,"minecraft:iron_sword":3,"minecraft:acacia_sapling":4,"minecraft:cooked_porkchop":12,"minecraft:pumpkin":2,"minecraft:dripstone_block":47,"minecraft:gravel":69,"minecraft:stripped_spruce_log":22,"minecraft:spruce_log":3,"minecraft:spider_eye":2,"minecraft:mossy_cobblestone":4,"minecraft:diamond":9,"minecraft:stone_axe":5,"minecraft:iron_helmet":2,"minecraft:granite":14,"minecraft:golden_apple":2,"minecraft:golden_horse_armor":1,"minecraft:warped_roots":8,"minecraft:coal":229,"minecraft:diamond_pickaxe":1},"minecraft:mined":{"minecraft:large_amethyst_bud":1,"minecraft:diamond_ore":1,"minecraft:tuff":21,"minecraft:mossy_cobblestone":5,"minecraft:deepslate_diamond_ore":6,"minecraft:glow_lichen":14,"minecraft:acacia_log":31,"minecraft:grass_block":18,"minecraft:spruce_leaves":42,"minecraft:large_fern":1,"minecraft:furnace":3,"minecraft:nether_sprouts":7,"minecraft:iron_ore":53,"minecraft:snow":1,"minecraft:andesite":113,"minecraft:stripped_spruce_log":22,"minecraft:pumpkin":2,"minecraft:vine":2,"minecraft:deepslate_iron_ore":13,"minecraft:stone":564,"minecraft:blue_orchid":13,"minecraft:deepslate_redstone_ore":14,"minecraft:crafting_table":1,"minecraft:cornflower":38,"minecraft:torch":1,"minecraft:poppy":1,"minecraft:warped_roots":8,"minecraft:cobblestone":30,"minecraft:tall_grass":13,"minecraft:copper_ore":12,"minecraft:deepslate_gold_ore":6,"minecraft:lapis_ore":2,"minecraft:sugar_cane":9,"minecraft:wall_torch":2,"minecraft:wheat":25,"minecraft:spruce_log":3,"minecraft:orange_tulip":3,"minecraft:grass":64,"minecraft:coal_ore":87,"minecraft:gravel":59,"minecraft:dirt":38,"minecraft:cobweb":5,"minecraft:acacia_planks":24,"minecraft:deepslate":255,"minecraft:fern":33},"minecraft:crafted":{"minecraft:wooden_sword":2,"minecraft:stone_shovel":2,"minecraft:cooked_chicken":4,"minecraft:furnace":2,"minecraft:stone_button":1,"minecraft:cooked_mutton":6,"minecraft:bow":1,"minecraft:iron_boots":1,"minecraft:iron_axe":1,"minecraft:ladder":9,"minecraft:stone_pickaxe":2,"minecraft:chest":2,"minecraft:cooked_beef":2,"minecraft:wooden_shovel":1,"minecraft:diamond_sword":1,"minecraft:arrow":4,"minecraft:cooked_porkchop":22,"minecraft:crafting_table":4,"minecraft:spruce_planks":80,"minecraft:iron_helmet":1,"minecraft:wooden_pickaxe":2,"minecraft:iron_sword":1,"minecraft:spruce_door":3,"minecraft:acacia_button":2,"minecraft:stone_axe":1,"minecraft:bread":3,"scout:pouch":1,"minecraft:iron_chestplate":1,"minecraft:diamond_pickaxe":1,"minecraft:shield":1,"minecraft:stick":96,"minecraft:iron_ingot":44,"minecraft:iron_pickaxe":4,"minecraft:wooden_axe":1,"minecraft:stone_sword":3,"minecraft:iron_shovel":1,"minecraft:iron_leggings":1,"minecraft:acacia_planks":80,"minecraft:torch":96},"minecraft:broken":{"minecraft:stone_sword":1,"minecraft:stone_pickaxe":1,"minecraft:iron_pickaxe":4},"minecraft:custom":{"minecraft:mob_kills":43,"minecraft:interact_with_crafting_table":45,"minecraft:leave_game":1,"minecraft:time_since_death":44296,"minecraft:climb_one_cm":4925,"minecraft:sprint_one_cm":959171,"minecraft:walk_one_cm":897741,"minecraft:damage_blocked_by_shield":390,"minecraft:drop":23,"minecraft:talked_to_villager":3,"minecraft:play_time":368779,"minecraft:sneak_time":914,"minecraft:deaths":8,"minecraft:walk_under_water_one_cm":19443,"minecraft:jump":2141,"minecraft:interact_with_blast_furnace":1,"minecraft:walk_on_water_one_cm":14604,"minecraft:total_world_time":368779,"minecraft:interact_with_furnace":40,"minecraft:interact_with_grindstone":1,"minecraft:sleep_in_bed":6,"minecraft:time_since_rest":44356,"minecraft:damage_taken":4879,"minecraft:damage_dealt":6882,"minecraft:swim_one_cm":2386,"minecraft:fly_one_cm":155780,"minecraft:open_chest":84,"minecraft:crouch_one_cm":2206,"minecraft:interact_with_smoker":10,"minecraft:fall_one_cm":22195},"minecraft:killed":{"minecraft:cave_spider":1,"minecraft:spider":3,"minecraft:skeleton":4,"minecraft:chicken":5,"minecraft:pig":14,"minecraft:creeper":1,"minecraft:sheep":4,"minecraft:zombie":7,"minecraft:cow":4},"minecraft:used":{"minecraft:stone_sword":191,"minecraft:acacia_log":1,"minecraft:stone_shovel":73,"minecraft:ladder":9,"minecraft:chest":2,"minecraft:shield":6,"minecraft:iron_sword":179,"minecraft:wooden_shovel":2,"minecraft:cooked_chicken":4,"minecraft:torch":44,"minecraft:dirt":37,"minecraft:wooden_axe":8,"minecraft:iron_axe":61,"minecraft:bow":3,"minecraft:sweet_berries":3,"minecraft:furnace":5,"minecraft:cooked_beef":7,"minecraft:potato":5,"minecraft:acacia_planks":2,"minecraft:cobbled_deepslate":1,"minecraft:pumpkin":1,"minecraft:cooked_mutton":6,"minecraft:spruce_door":1,"minecraft:stone_pickaxe":178,"minecraft:wooden_pickaxe":58,"minecraft:crafting_table":5,"minecraft:diamond_pickaxe":2,"minecraft:bread":4,"minecraft:iron_pickaxe":1001,"minecraft:stone_axe":51,"minecraft:diamond_sword":84,"minecraft:cobblestone":264,"minecraft:cooked_porkchop":22,"minecraft:andesite":10}},"DataVersion":3465}