{"stats":{"minecraft:used":{"minecraft:wooden_axe":8,"minecraft:stone_sword":1,"minecraft:stone_shovel":15,"minecraft:stone_pickaxe":47,"minecraft:wooden_pickaxe":23,"minecraft:wooden_shovel":2,"minecraft:torch":1,"minecraft:dirt":3,"minecraft:crafting_table":1},"minecraft:custom":{"minecraft:time_since_rest":2560,"minecraft:sprint_one_cm":18747,"minecraft:damage_taken":220,"minecraft:walk_one_cm":42245,"minecraft:drop":7,"minecraft:damage_dealt":64,"minecraft:interact_with_crafting_table":2,"minecraft:fly_one_cm":1603,"minecraft:crouch_one_cm":103,"minecraft:play_time":19404,"minecraft:deaths":1,"minecraft:sneak_time":27,"minecraft:jump":120,"minecraft:time_since_death":0,"minecraft:total_world_time":19404,"minecraft:fall_one_cm":2506},"minecraft:killed_by":{"minecraft:spider":1},"minecraft:crafted":{"minecraft:wooden_sword":1,"minecraft:wooden_shovel":1,"minecraft:stone_shovel":1,"minecraft:crafting_table":1,"minecraft:spruce_planks":32,"minecraft:stick":16,"minecraft:wooden_pickaxe":1,"minecraft:stone_pickaxe":1,"minecraft:wooden_axe":1,"minecraft:stone_sword":2,"minecraft:torch":16},"minecraft:picked_up":{"minecraft:wooden_axe":1,"minecraft:stick":4,"minecraft:wooden_pickaxe":1,"minecraft:acacia_log":8,"minecraft:gravel":16,"minecraft:flint":3,"minecraft:stripped_spruce_log":10,"minecraft:cornflower":2,"minecraft:dirt":13,"minecraft:raw_copper":7,"minecraft:wooden_sword":1,"minecraft:blue_orchid":1,"minecraft:orange_tulip":2,"minecraft:wooden_shovel":1,"minecraft:coal":5,"minecraft:acacia_sapling":1,"minecraft:snowball":2,"minecraft:cobblestone":60},"minecraft:dropped":{"minecraft:cornflower":1,"minecraft:wooden_axe":1,"minecraft:orange_tulip":1,"minecraft:snowball":1,"minecraft:wooden_shovel":1,"minecraft:wooden_sword":1,"minecraft:wooden_pickaxe":1},"minecraft:mined":{"minecraft:snow":1,"minecraft:stripped_spruce_log":10,"minecraft:orange_tulip":1,"minecraft:acacia_log":8,"minecraft:coal_ore":5,"minecraft:gravel":19,"minecraft:copper_ore":2,"minecraft:blue_orchid":1,"minecraft:stone":60}},"DataVersion":3465}