{"stats":{"minecraft:used":{"minecraft:stone_sword":58,"minecraft:acacia_log":1,"minecraft:stone_pickaxe":169,"minecraft:stone_shovel":36,"minecraft:wooden_pickaxe":58,"minecraft:wooden_shovel":2,"minecraft:torch":3,"minecraft:dirt":5,"minecraft:crafting_table":3,"minecraft:wooden_axe":8,"minecraft:cooked_porkchop":3,"minecraft:furnace":1},"minecraft:custom":{"minecraft:interact_with_furnace":6,"minecraft:mob_kills":5,"minecraft:interact_with_crafting_table":9,"minecraft:time_since_death":22513,"minecraft:time_since_rest":32627,"minecraft:sprint_one_cm":166151,"minecraft:damage_taken":1640,"minecraft:walk_one_cm":155125,"minecraft:drop":15,"minecraft:damage_dealt":751,"minecraft:swim_one_cm":712,"minecraft:fly_one_cm":24083,"minecraft:crouch_one_cm":167,"minecraft:play_time":79404,"minecraft:deaths":5,"minecraft:sneak_time":42,"minecraft:walk_under_water_one_cm":153,"minecraft:jump":366,"minecraft:walk_on_water_one_cm":1845,"minecraft:total_world_time":79404,"minecraft:fall_one_cm":8795},"minecraft:killed_by":{"minecraft:vindicator":1,"minecraft:skeleton":2,"minecraft:spider":1,"minecraft:enderman":1},"minecraft:crafted":{"minecraft:wooden_sword":2,"minecraft:wooden_shovel":1,"minecraft:stone_shovel":2,"minecraft:cooked_porkchop":6,"minecraft:crafting_table":3,"minecraft:spruce_planks":48,"minecraft:wooden_pickaxe":2,"minecraft:furnace":1,"minecraft:acacia_button":1,"minecraft:stone_axe":1,"minecraft:stick":28,"minecraft:stone_pickaxe":2,"minecraft:wooden_axe":1,"minecraft:stone_sword":3,"minecraft:acacia_planks":20,"minecraft:torch":24},"minecraft:picked_up":{"minecraft:wooden_axe":2,"minecraft:feather":2,"minecraft:chicken":1,"minecraft:wooden_pickaxe":5,"minecraft:flint":11,"minecraft:string":4,"minecraft:cornflower":11,"minecraft:dirt":70,"minecraft:raw_copper":64,"minecraft:wooden_sword":2,"minecraft:bone":1,"minecraft:blue_orchid":7,"minecraft:acacia_planks":38,"minecraft:orange_tulip":3,"minecraft:wheat_seeds":6,"minecraft:spruce_planks":67,"minecraft:stone_pickaxe":2,"minecraft:cooked_chicken":4,"minecraft:wooden_shovel":2,"minecraft:sugar_cane":18,"minecraft:acacia_sapling":2,"minecraft:stick":15,"minecraft:raw_iron":5,"minecraft:torch":20,"minecraft:acacia_log":23,"minecraft:dripstone_block":47,"minecraft:gravel":32,"minecraft:porkchop":12,"minecraft:stripped_spruce_log":14,"minecraft:mossy_cobblestone":2,"minecraft:spider_eye":2,"minecraft:stone_sword":4,"minecraft:arrow":1,"minecraft:stone_shovel":1,"minecraft:rotten_flesh":12,"minecraft:stone_axe":2,"minecraft:granite":14,"minecraft:warped_roots":3,"minecraft:snowball":3,"minecraft:coal":20,"minecraft:cobblestone":347},"minecraft:killed":{"minecraft:pig":4,"minecraft:spider":1},"minecraft:dropped":{"minecraft:orange_tulip":1,"minecraft:cornflower":2,"minecraft:wooden_axe":2,"minecraft:acacia_sapling":1,"minecraft:snowball":1,"minecraft:wooden_shovel":2,"minecraft:wooden_sword":2,"minecraft:stone_pickaxe":1,"minecraft:wooden_pickaxe":3},"minecraft:mined":{"minecraft:mossy_cobblestone":3,"minecraft:cornflower":7,"minecraft:glow_lichen":1,"minecraft:acacia_log":15,"minecraft:grass_block":8,"minecraft:warped_roots":2,"minecraft:tall_grass":1,"minecraft:copper_ore":2,"minecraft:sugar_cane":9,"minecraft:nether_sprouts":2,"minecraft:iron_ore":1,"minecraft:snow":1,"minecraft:stripped_spruce_log":14,"minecraft:orange_tulip":2,"minecraft:grass":19,"minecraft:coal_ore":22,"minecraft:dirt":21,"minecraft:gravel":19,"minecraft:cobweb":2,"minecraft:stone":188,"minecraft:blue_orchid":4,"minecraft:fern":7}},"DataVersion":3465}