{"stats":{"minecraft:used":{"minecraft:wooden_axe":8,"minecraft:dirt":3,"minecraft:wooden_pickaxe":8,"minecraft:wooden_shovel":2},"minecraft:custom":{"minecraft:time_since_rest":7404,"minecraft:crouch_one_cm":103,"minecraft:play_time":7404,"minecraft:sprint_one_cm":17323,"minecraft:damage_taken":30,"minecraft:walk_one_cm":19814,"minecraft:sneak_time":22,"minecraft:jump":47,"minecraft:damage_dealt":20,"minecraft:time_since_death":7404,"minecraft:total_world_time":7404,"minecraft:interact_with_crafting_table":1,"minecraft:fall_one_cm":1008,"minecraft:fly_one_cm":1368},"minecraft:crafted":{"minecraft:wooden_sword":1,"minecraft:wooden_shovel":1,"minecraft:spruce_planks":32,"minecraft:stick":16,"minecraft:wooden_pickaxe":1,"minecraft:wooden_axe":1},"minecraft:picked_up":{"minecraft:stick":4,"minecraft:blue_orchid":1,"minecraft:orange_tulip":1,"minecraft:acacia_log":8,"minecraft:gravel":1,"minecraft:stripped_spruce_log":10,"minecraft:snowball":1,"minecraft:acacia_sapling":1,"minecraft:cornflower":1,"minecraft:dirt":13,"minecraft:cobblestone":7},"minecraft:mined":{"minecraft:acacia_log":8,"minecraft:gravel":1,"minecraft:snow":1,"minecraft:stone":8,"minecraft:blue_orchid":1,"minecraft:stripped_spruce_log":10,"minecraft:orange_tulip":1}},"DataVersion":3465}