{"stats":{"minecraft:used":{"minecraft:stone_sword":191,"minecraft:spruce_door":1,"minecraft:acacia_log":1,"minecraft:stone_pickaxe":178,"minecraft:stone_shovel":36,"minecraft:wooden_pickaxe":58,"minecraft:wooden_shovel":2,"minecraft:torch":5,"minecraft:dirt":34,"minecraft:crafting_table":5,"minecraft:wooden_axe":8,"minecraft:iron_pickaxe":170,"minecraft:stone_axe":11,"minecraft:cobblestone":173,"minecraft:cooked_porkchop":9,"minecraft:furnace":4,"minecraft:cobbled_deepslate":1},"minecraft:custom":{"minecraft:interact_with_furnace":12,"minecraft:mob_kills":18,"minecraft:interact_with_crafting_table":15,"minecraft:time_since_death":52513,"minecraft:climb_one_cm":374,"minecraft:time_since_rest":62627,"minecraft:sprint_one_cm":218627,"minecraft:damage_taken":2095,"minecraft:walk_one_cm":262943,"minecraft:drop":15,"minecraft:damage_dealt":2225,"minecraft:swim_one_cm":817,"minecraft:fly_one_cm":31693,"minecraft:crouch_one_cm":401,"minecraft:play_time":109404,"minecraft:deaths":5,"minecraft:sneak_time":171,"minecraft:walk_under_water_one_cm":10755,"minecraft:jump":649,"minecraft:walk_on_water_one_cm":5129,"minecraft:total_world_time":109404,"minecraft:fall_one_cm":10924},"minecraft:killed_by":{"minecraft:vindicator":1,"minecraft:skeleton":2,"minecraft:spider":1,"minecraft:enderman":1},"minecraft:crafted":{"minecraft:cooked_beef":1,"minecraft:wooden_sword":2,"minecraft:wooden_shovel":1,"minecraft:stone_shovel":2,"minecraft:cooked_porkchop":10,"minecraft:crafting_table":4,"minecraft:spruce_planks":80,"minecraft:wooden_pickaxe":2,"minecraft:spruce_door":3,"minecraft:furnace":2,"minecraft:acacia_button":1,"minecraft:stone_axe":1,"minecraft:stick":36,"minecraft:iron_pickaxe":1,"minecraft:iron_ingot":4,"minecraft:stone_pickaxe":2,"minecraft:wooden_axe":1,"minecraft:stone_sword":3,"minecraft:acacia_planks":20,"minecraft:torch":24},"minecraft:picked_up":{"minecraft:wooden_axe":2,"minecraft:crafting_table":1,"minecraft:feather":4,"minecraft:chicken":3,"minecraft:leather":4,"minecraft:wooden_pickaxe":5,"minecraft:flint":11,"minecraft:lapis_lazuli":9,"minecraft:string":9,"minecraft:cornflower":21,"minecraft:dirt":78,"minecraft:raw_copper":64,"minecraft:wooden_sword":2,"minecraft:bone":1,"minecraft:blue_orchid":12,"minecraft:acacia_planks":38,"minecraft:orange_tulip":3,"minecraft:wheat_seeds":9,"minecraft:cobbled_deepslate":15,"minecraft:beef":5,"minecraft:spruce_planks":67,"minecraft:iron_ingot":3,"minecraft:stone_pickaxe":2,"minecraft:cooked_chicken":4,"minecraft:wooden_shovel":2,"minecraft:sugar_cane":18,"minecraft:acacia_sapling":2,"minecraft:egg":2,"minecraft:furnace":2,"minecraft:stick":15,"minecraft:raw_iron":21,"minecraft:torch":20,"minecraft:acacia_log":23,"minecraft:dripstone_block":47,"minecraft:gravel":32,"minecraft:porkchop":18,"minecraft:stripped_spruce_log":22,"minecraft:mossy_cobblestone":4,"minecraft:spider_eye":2,"minecraft:stone_sword":4,"minecraft:arrow":1,"minecraft:stone_shovel":1,"minecraft:rotten_flesh":12,"minecraft:diamond":1,"minecraft:stone_axe":2,"minecraft:granite":14,"minecraft:warped_roots":5,"minecraft:snowball":3,"minecraft:coal":52,"minecraft:cobblestone":443},"minecraft:killed":{"minecraft:pig":8,"minecraft:spider":2,"minecraft:zombie":2,"minecraft:chicken":3,"minecraft:cow":3},"minecraft:dropped":{"minecraft:orange_tulip":1,"minecraft:cornflower":2,"minecraft:wooden_axe":2,"minecraft:acacia_sapling":1,"minecraft:snowball":1,"minecraft:wooden_shovel":2,"minecraft:wooden_sword":2,"minecraft:stone_pickaxe":1,"minecraft:wooden_pickaxe":3},"minecraft:mined":{"minecraft:large_amethyst_bud":1,"minecraft:diamond_ore":1,"minecraft:mossy_cobblestone":5,"minecraft:crafting_table":1,"minecraft:cornflower":20,"minecraft:glow_lichen":2,"minecraft:acacia_log":15,"minecraft:grass_block":11,"minecraft:warped_roots":5,"minecraft:cobblestone":29,"minecraft:tall_grass":1,"minecraft:copper_ore":2,"minecraft:lapis_ore":2,"minecraft:sugar_cane":9,"minecraft:furnace":2,"minecraft:nether_sprouts":5,"minecraft:iron_ore":21,"minecraft:snow":1,"minecraft:stripped_spruce_log":22,"minecraft:orange_tulip":2,"minecraft:grass":34,"minecraft:vine":2,"minecraft:coal_ore":44,"minecraft:dirt":26,"minecraft:gravel":19,"minecraft:cobweb":5,"minecraft:stone":263,"minecraft:blue_orchid":9,"minecraft:deepslate":15,"minecraft:fern":19},"minecraft:broken":{"minecraft:stone_pickaxe":1,"minecraft:stone_sword":1}},"DataVersion":3465}